{
  "linearity": 0.07653686060834008,
  "planarity": 0.20939723984456113,
  "sphericity": 0.7140658995470988
}
