{
  "linearity": 0.12495696851697187,
  "planarity": 0.7804417579665417,
  "sphericity": 0.09460127351648649
}
