{
  "linearity": 0.08071302680645841,
  "planarity": 0.06394751023000685,
  "sphericity": 0.8553394629635347
}
