{
  "linearity": 0.3105056958990853,
  "planarity": 0.0570157215979523,
  "sphericity": 0.6324785825029624
}
