{
  "linearity": 0.4232995616386136,
  "planarity": 0.08357691326107115,
  "sphericity": 0.49312352510031526
}
