{
  "linearity": 0.49901750930445227,
  "planarity": 0.3712596932748061,
  "sphericity": 0.12972279742074155
}
