{
  "linearity": 0.08058933058625364,
  "planarity": 0.80670602820644,
  "sphericity": 0.11270464120730635
}
