{
  "linearity": 0.8993647002718156,
  "planarity": 0.0009162935442961176,
  "sphericity": 0.09971900618388832
}
