{
  "linearity": 0.43309960183895546,
  "planarity": 0.4887097354865241,
  "sphericity": 0.07819066267452043
}
