{
  "linearity": 0.1895891232953413,
  "planarity": 0.20916720699123495,
  "sphericity": 0.6012436697134237
}
