{
  "linearity": 0.20901223663288615,
  "planarity": 0.690286845491666,
  "sphericity": 0.10070091787544788
}
