{
  "linearity": 0.06161219479605892,
  "planarity": 0.8912116449409944,
  "sphericity": 0.04717616026294671
}
