{
  "linearity": 0.2501233318902876,
  "planarity": 0.7292757472918032,
  "sphericity": 0.020600920817909162
}
