{
  "linearity": 0.022702024618375272,
  "planarity": 0.10318907371537238,
  "sphericity": 0.8741089016662523
}
