{
  "linearity": 0.7393393035091061,
  "planarity": 0.20364343791098322,
  "sphericity": 0.05701725857991061
}
