{
  "linearity": 0.18382663425968737,
  "planarity": 0.36337994260679096,
  "sphericity": 0.45279342313352167
}
