{
  "linearity": 0.46579150677723996,
  "planarity": 0.15352511363183624,
  "sphericity": 0.3806833795909238
}
