{
  "linearity": 0.6923603061656538,
  "planarity": 0.25216334835085275,
  "sphericity": 0.055476345483493415
}
