{
  "linearity": 0.7664209118762518,
  "planarity": 0.02817708469838173,
  "sphericity": 0.20540200342536646
}
