{
  "linearity": 0.15131619973971297,
  "planarity": 0.6609052202155921,
  "sphericity": 0.18777858004469494
}
