{
  "linearity": 0.7209986508539109,
  "planarity": 0.14530528040937177,
  "sphericity": 0.13369606873671738
}
