{
  "linearity": 0.11958918888453106,
  "planarity": 0.48976656940727503,
  "sphericity": 0.3906442417081939
}
