{
  "linearity": 0.24973997003389228,
  "planarity": 0.033634590982888575,
  "sphericity": 0.7166254389832192
}
