{
  "linearity": 0.5045223984383492,
  "planarity": 0.4137613013700959,
  "sphericity": 0.08171630019155478
}
