{
  "linearity": 0.4435049108195556,
  "planarity": 0.5239943015479727,
  "sphericity": 0.032500787632471696
}
