{
  "linearity": 0.29158538342944007,
  "planarity": 0.44877016197015124,
  "sphericity": 0.2596444546004087
}
