{
  "linearity": 0.5853844758765449,
  "planarity": 0.3060451292121245,
  "sphericity": 0.10857039491133064
}
