{
  "linearity": 0.28652066801523224,
  "planarity": 0.16359339219933539,
  "sphericity": 0.5498859397854323
}
