{
  "linearity": 0.21528187935961873,
  "planarity": 0.7110907071267043,
  "sphericity": 0.073627413513677
}
