{
  "linearity": 0.39241111863764366,
  "planarity": 0.030182511308697677,
  "sphericity": 0.5774063700536587
}
