{
  "linearity": 0.5486768888319775,
  "planarity": 0.4025971972110796,
  "sphericity": 0.04872591395694278
}
