{
  "linearity": 0.6777555042463476,
  "planarity": 0.028238885121910286,
  "sphericity": 0.29400561063174213
}
