{
  "linearity": 0.7768503444278253,
  "planarity": 0.1231682517244484,
  "sphericity": 0.09998140384772634
}
