{
  "linearity": 0.005335475387063644,
  "planarity": 0.15677150979010804,
  "sphericity": 0.8378930148228283
}
