{
  "linearity": 0.20880210355492784,
  "planarity": 0.6898844223287511,
  "sphericity": 0.10131347411632095
}
