{
  "linearity": 0.8052659555696537,
  "planarity": 0.12909030165587673,
  "sphericity": 0.06564374277446956
}
