{
  "linearity": 0.2592880833265482,
  "planarity": 0.660244053116826,
  "sphericity": 0.0804678635566259
}
