{
  "linearity": 0.10256944041736982,
  "planarity": 0.33796268876038094,
  "sphericity": 0.5594678708222492
}
