{
  "linearity": 0.35486447102295043,
  "planarity": 0.09121162310762736,
  "sphericity": 0.5539239058694222
}
