{
  "linearity": 0.1499351040071998,
  "planarity": 0.697346869809217,
  "sphericity": 0.15271802618358327
}
