{
  "linearity": 0.5991059504064081,
  "planarity": 0.12904660620329464,
  "sphericity": 0.2718474433902972
}
