{
  "linearity": 0.20931152330216357,
  "planarity": 0.7167246612599394,
  "sphericity": 0.07396381543789703
}
