{
  "linearity": 0.00041948089759297186,
  "planarity": 0.11410561731255733,
  "sphericity": 0.8854749017898497
}
