{
  "linearity": 0.13262349726621023,
  "planarity": 0.17152375683646295,
  "sphericity": 0.6958527458973268
}
