{
  "linearity": 0.20561143177538588,
  "planarity": 0.024603644220029374,
  "sphericity": 0.7697849240045848
}
