{
  "linearity": 0.13490581327593457,
  "planarity": 0.6826657284757885,
  "sphericity": 0.18242845824827686
}
