{
  "linearity": 0.5459993868501729,
  "planarity": 0.08063468581781698,
  "sphericity": 0.37336592733201013
}
