{
  "linearity": 0.26337919431711215,
  "planarity": 0.07182410170121564,
  "sphericity": 0.6647967039816722
}
