{
  "linearity": 0.04179004754926959,
  "planarity": 0.7844957576162553,
  "sphericity": 0.173714194834475
}
