{
  "linearity": 0.2388428258827632,
  "planarity": 0.127916414494472,
  "sphericity": 0.6332407596227648
}
