{
  "linearity": 0.10699405124803706,
  "planarity": 0.8482148520905123,
  "sphericity": 0.044791096661450626
}
