{
  "linearity": 0.057094544627916875,
  "planarity": 0.73823320878155,
  "sphericity": 0.20467224659053307
}
