{
  "linearity": 0.24356597323941476,
  "planarity": 0.6977814589302183,
  "sphericity": 0.05865256783036701
}
