{
  "linearity": 0.8636429491165991,
  "planarity": 0.02707280430139535,
  "sphericity": 0.10928424658200545
}
