{
  "linearity": 0.0818017326225163,
  "planarity": 0.1963178235137022,
  "sphericity": 0.7218804438637815
}
