{
  "linearity": 0.09421031203156668,
  "planarity": 0.27472088153319046,
  "sphericity": 0.6310688064352429
}
