{
  "linearity": 0.689313486061014,
  "planarity": 0.12048228677132683,
  "sphericity": 0.1902042271676592
}
