{
  "linearity": 0.6040884098759519,
  "planarity": 0.33401159728620916,
  "sphericity": 0.061899992837838896
}
