{
  "linearity": 0.8714885791683081,
  "planarity": 0.046884299582395934,
  "sphericity": 0.0816271212492959
}
