{
  "linearity": 0.5054134370015474,
  "planarity": 0.13121160709242957,
  "sphericity": 0.36337495590602303
}
