{
  "linearity": 0.4081776495774826,
  "planarity": 0.19351577971869852,
  "sphericity": 0.3983065707038189
}
