{
  "linearity": 0.03918166847229764,
  "planarity": 0.8774267850632191,
  "sphericity": 0.0833915464644833
}
