{
  "linearity": 0.07263356039495442,
  "planarity": 0.6339626279018107,
  "sphericity": 0.2934038117032349
}
