{
  "linearity": 0.6403638067817301,
  "planarity": 0.1631677245407687,
  "sphericity": 0.19646846867750115
}
