{
  "linearity": 0.4362890060181275,
  "planarity": 0.07957064995340098,
  "sphericity": 0.4841403440284715
}
