{
  "linearity": 0.3134956188533134,
  "planarity": 0.30310267806446284,
  "sphericity": 0.38340170308222377
}
