{
  "linearity": 0.4605438205831465,
  "planarity": 0.5154680925379315,
  "sphericity": 0.023988086878922017
}
