{
  "linearity": 0.12103790091964446,
  "planarity": 0.17682085221782812,
  "sphericity": 0.7021412468625274
}
