{
  "linearity": 0.059265955026424136,
  "planarity": 0.5987726951665046,
  "sphericity": 0.34196134980707127
}
