{
  "linearity": 0.4397931310625284,
  "planarity": 0.48037602766932574,
  "sphericity": 0.07983084126814595
}
