{
  "linearity": 0.07461230175115748,
  "planarity": 0.05288860559861141,
  "sphericity": 0.8724990926502311
}
