{
  "linearity": 0.05253011031043125,
  "planarity": 0.2005730605242414,
  "sphericity": 0.7468968291653274
}
