{
  "linearity": 0.3282028103156941,
  "planarity": 0.6446635731714113,
  "sphericity": 0.0271336165128945
}
