{
  "linearity": 0.4623918458865224,
  "planarity": 0.1487756216683962,
  "sphericity": 0.3888325324450814
}
