{
  "linearity": 0.22361243807284342,
  "planarity": 0.7075705927497415,
  "sphericity": 0.06881696917741507
}
