{
  "linearity": 0.022260707859376755,
  "planarity": 0.8805656648727123,
  "sphericity": 0.09717362726791101
}
