{
  "linearity": 0.41183225533328444,
  "planarity": 0.28347694546573904,
  "sphericity": 0.3046907992009765
}
