{
  "linearity": 0.3292319689141083,
  "planarity": 0.6069421299226532,
  "sphericity": 0.06382590116323851
}
