{
  "linearity": 0.019176381336981126,
  "planarity": 0.08420892109787803,
  "sphericity": 0.8966146975651409
}
