{
  "linearity": 0.04326845464675485,
  "planarity": 0.17617021439299346,
  "sphericity": 0.7805613309602517
}
