{
  "linearity": 0.5435275226600905,
  "planarity": 0.3136900575711431,
  "sphericity": 0.14278241976876635
}
