{
  "linearity": 0.8919816054466932,
  "planarity": 0.023517375637188562,
  "sphericity": 0.0845010189161182
}
