{
  "linearity": 0.45841606487324466,
  "planarity": 0.26513729465434976,
  "sphericity": 0.2764466404724056
}
