{
  "linearity": 0.7620371779426653,
  "planarity": 0.024512389508600924,
  "sphericity": 0.2134504325487337
}
