{
  "linearity": 0.3036768366115095,
  "planarity": 0.6689446818177758,
  "sphericity": 0.027378481570714645
}
