{
  "linearity": 0.22216952947830335,
  "planarity": 0.24132967262596328,
  "sphericity": 0.5365007978957334
}
