{
  "linearity": 0.03194586500549918,
  "planarity": 0.8255800248717938,
  "sphericity": 0.142474110122707
}
