{
  "linearity": 0.17548203664220818,
  "planarity": 0.7599436514087408,
  "sphericity": 0.06457431194905096
}
