{
  "linearity": 0.5854674573015411,
  "planarity": 0.12481801941223887,
  "sphericity": 0.28971452328622
}
