{
  "linearity": 0.16843621889756255,
  "planarity": 0.7300220982635496,
  "sphericity": 0.10154168283888787
}
