{
  "linearity": 0.31224262318720847,
  "planarity": 0.12969943408112053,
  "sphericity": 0.558057942731671
}
