{
  "linearity": 0.8019044532795755,
  "planarity": 0.009810485830081074,
  "sphericity": 0.18828506089034344
}
