{
  "linearity": 0.060009252419849266,
  "planarity": 0.9053482695924766,
  "sphericity": 0.03464247798767409
}
