{
  "linearity": 0.706541058394664,
  "planarity": 0.11858346239713066,
  "sphericity": 0.17487547920820537
}
