{
  "linearity": 0.5903934745127709,
  "planarity": 0.2112311850675337,
  "sphericity": 0.19837534041969546
}
