{
  "linearity": 0.4496442634800213,
  "planarity": 0.013594926510246654,
  "sphericity": 0.5367608100097321
}
