{
  "linearity": 0.5891387633326117,
  "planarity": 0.057954803128136285,
  "sphericity": 0.3529064335392521
}
