{
  "linearity": 0.07098764973901638,
  "planarity": 0.8460849330170366,
  "sphericity": 0.0829274172439471
}
