{
  "linearity": 0.27610425940191347,
  "planarity": 0.0663019780506015,
  "sphericity": 0.657593762547485
}
