{
  "linearity": 0.3387785895377183,
  "planarity": 0.0016686088797626699,
  "sphericity": 0.659552801582519
}
