{
  "linearity": 0.42038898052891716,
  "planarity": 0.20155794000360253,
  "sphericity": 0.37805307946748035
}
