{
  "linearity": 0.002420017677530053,
  "planarity": 0.27320645980223124,
  "sphericity": 0.7243735225202387
}
