{
  "linearity": 0.14673172730609393,
  "planarity": 0.18396720902872504,
  "sphericity": 0.669301063665181
}
