{
  "linearity": 0.06706993455323915,
  "planarity": 0.19068616695931115,
  "sphericity": 0.7422438984874498
}
