{
  "linearity": 0.0632317439878375,
  "planarity": 0.8181877176358701,
  "sphericity": 0.11858053837629239
}
