{
  "linearity": 0.7337749191800507,
  "planarity": 0.008268935358136137,
  "sphericity": 0.2579561454618132
}
