{
  "linearity": 0.7374493929389062,
  "planarity": 0.05876620055946037,
  "sphericity": 0.20378440650163343
}
