{
  "linearity": 0.2521878182593878,
  "planarity": 0.684030978230611,
  "sphericity": 0.0637812035100012
}
