{
  "linearity": 0.19096140409328177,
  "planarity": 0.07423870611222524,
  "sphericity": 0.734799889794493
}
