{
  "linearity": 0.5510873136738864,
  "planarity": 0.02160536732311954,
  "sphericity": 0.4273073190029941
}
