{
  "linearity": 0.04395523725663115,
  "planarity": 0.16726299131393935,
  "sphericity": 0.7887817714294295
}
