{
  "linearity": 0.07254108622537243,
  "planarity": 0.15093027420866298,
  "sphericity": 0.7765286395659646
}
