{
  "linearity": 0.5463218310355328,
  "planarity": 0.381813860449227,
  "sphericity": 0.07186430851524025
}
