{
  "linearity": 0.32273463763063454,
  "planarity": 0.3399256795174457,
  "sphericity": 0.3373396828519198
}
