{
  "linearity": 0.1625509418012145,
  "planarity": 0.1779953256026798,
  "sphericity": 0.6594537325961057
}
