{
  "linearity": 0.383281648290461,
  "planarity": 0.5128163441023875,
  "sphericity": 0.10390200760715147
}
