{
  "linearity": 0.16164708844005402,
  "planarity": 0.047005956078847735,
  "sphericity": 0.7913469554810982
}
