{
  "linearity": 0.33512098618383207,
  "planarity": 0.024932804288775708,
  "sphericity": 0.6399462095273922
}
