{
  "linearity": 0.3513745652949902,
  "planarity": 0.20759885398030287,
  "sphericity": 0.4410265807247069
}
