{
  "linearity": 0.6150670454713051,
  "planarity": 0.3401606228314893,
  "sphericity": 0.04477233169720568
}
