{
  "linearity": 0.23410754512890547,
  "planarity": 0.7274517914124857,
  "sphericity": 0.03844066345860884
}
