{
  "linearity": 0.8166162054960412,
  "planarity": 0.1602225828042408,
  "sphericity": 0.023161211699718066
}
