{
  "linearity": 0.8167707155450109,
  "planarity": 0.013958727336301468,
  "sphericity": 0.16927055711868755
}
