{
  "linearity": 0.013135294923628459,
  "planarity": 0.20352389303431345,
  "sphericity": 0.7833408120420581
}
