{
  "linearity": 0.4124616748816703,
  "planarity": 0.14630896237368843,
  "sphericity": 0.44122936274464125
}
