{
  "linearity": 0.0016777142726551327,
  "planarity": 0.4691436128008249,
  "sphericity": 0.52917867292652
}
