{
  "linearity": 0.11137994316907415,
  "planarity": 0.7481447633362884,
  "sphericity": 0.1404752934946375
}
