{
  "linearity": 0.2990738172088639,
  "planarity": 0.5033806765374507,
  "sphericity": 0.1975455062536855
}
