{
  "linearity": 0.6040480615433629,
  "planarity": 0.36618666598142646,
  "sphericity": 0.029765272475210693
}
