{
  "linearity": 0.4085104636070059,
  "planarity": 0.4061591702144399,
  "sphericity": 0.1853303661785542
}
