{
  "linearity": 0.5484433852483898,
  "planarity": 0.38412033458026595,
  "sphericity": 0.06743628017134433
}
