{
  "linearity": 0.7195345621080845,
  "planarity": 0.05716020318974147,
  "sphericity": 0.22330523470217398
}
