{
  "linearity": 0.8188335369997357,
  "planarity": 0.08922033498506259,
  "sphericity": 0.09194612801520162
}
