{
  "linearity": 0.06737941131901655,
  "planarity": 0.2922841521883538,
  "sphericity": 0.6403364364926296
}
