{
  "linearity": 0.2319290363395669,
  "planarity": 0.607341394633175,
  "sphericity": 0.1607295690272581
}
