{
  "linearity": 0.6657586203328417,
  "planarity": 0.1260126526201552,
  "sphericity": 0.20822872704700313
}
