{
  "linearity": 0.5020371610751313,
  "planarity": 0.12221408406675072,
  "sphericity": 0.37574875485811804
}
