{
  "linearity": 0.34727056586100824,
  "planarity": 0.057542628574162084,
  "sphericity": 0.5951868055648297
}
