{
  "linearity": 0.1743462062955548,
  "planarity": 0.03546141344956616,
  "sphericity": 0.790192380254879
}
