{
  "linearity": 0.7604166403806614,
  "planarity": 0.03629625544079893,
  "sphericity": 0.20328710417853973
}
