{
  "linearity": 0.5372902667010431,
  "planarity": 0.10443652395203566,
  "sphericity": 0.35827320934692125
}
