{
  "linearity": 0.4817491014428085,
  "planarity": 0.4700997605725896,
  "sphericity": 0.04815113798460186
}
