{
  "linearity": 0.2842391249227354,
  "planarity": 0.5302198640087264,
  "sphericity": 0.18554101106853824
}
