{
  "linearity": 0.5367465987511465,
  "planarity": 0.4406333199898596,
  "sphericity": 0.02262008125899394
}
