{
  "linearity": 0.45291253089694977,
  "planarity": 0.5097031134283095,
  "sphericity": 0.037384355674740626
}
