{
  "linearity": 0.45541944934981027,
  "planarity": 0.4583456708171735,
  "sphericity": 0.08623487983301623
}
