{
  "linearity": 0.7850628896345291,
  "planarity": 0.19455771702553223,
  "sphericity": 0.02037939333993867
}
