{
  "linearity": 0.4514606824505372,
  "planarity": 0.08120778487155132,
  "sphericity": 0.46733153267791144
}
