{
  "linearity": 0.08765120948127741,
  "planarity": 0.8644578814321308,
  "sphericity": 0.04789090908659183
}
