{
  "linearity": 0.6651357403095098,
  "planarity": 0.21771875109497216,
  "sphericity": 0.11714550859551794
}
