{
  "linearity": 0.9304877543635872,
  "planarity": 0.0018439875685725918,
  "sphericity": 0.06766825806784026
}
