{
  "linearity": 0.26479479116173393,
  "planarity": 0.06994077709277954,
  "sphericity": 0.6652644317454866
}
