{
  "linearity": 0.7205669676334147,
  "planarity": 0.27681957562596754,
  "sphericity": 0.002613456740617779
}
