{
  "linearity": 0.1437476797955164,
  "planarity": 0.8079935155218163,
  "sphericity": 0.0482588046826672
}
