{
  "linearity": 0.7316077849750927,
  "planarity": 0.031508124227576394,
  "sphericity": 0.2368840907973309
}
