{
  "linearity": 0.9503661840049676,
  "planarity": 0.01542436666480131,
  "sphericity": 0.034209449330231005
}
