{
  "linearity": 0.692765085069264,
  "planarity": 0.19875407641266218,
  "sphericity": 0.10848083851807373
}
