{
  "linearity": 0.01711402082012005,
  "planarity": 0.9143468477271518,
  "sphericity": 0.06853913145272815
}
