{
  "linearity": 0.12306819811606556,
  "planarity": 0.5010040139801041,
  "sphericity": 0.37592778790383036
}
