{
  "linearity": 0.0975536531142015,
  "planarity": 0.47623984435305117,
  "sphericity": 0.42620650253274733
}
