{
  "linearity": 0.890568185295546,
  "planarity": 0.04776034921808191,
  "sphericity": 0.06167146548637212
}
