{
  "linearity": 0.344902321576057,
  "planarity": 0.2542426282382091,
  "sphericity": 0.40085505018573386
}
