{
  "linearity": 0.8263771131860008,
  "planarity": 0.1347343678292054,
  "sphericity": 0.038888518984793875
}
