{
  "linearity": 0.13869286407102008,
  "planarity": 0.630815932865858,
  "sphericity": 0.2304912030631219
}
