{
  "linearity": 0.3038684975308309,
  "planarity": 0.34409686046496485,
  "sphericity": 0.35203464200420426
}
