{
  "linearity": 0.7663538112605132,
  "planarity": 0.22782285922012427,
  "sphericity": 0.005823329519362585
}
