{
  "linearity": 0.34708212425616175,
  "planarity": 0.02275311111869361,
  "sphericity": 0.6301647646251447
}
