{
  "linearity": 0.6739365988468685,
  "planarity": 0.1715358610465425,
  "sphericity": 0.15452754010658895
}
