{
  "linearity": 0.09952768309091657,
  "planarity": 0.07209620945441117,
  "sphericity": 0.8283761074546723
}
