{
  "linearity": 0.3542817868129183,
  "planarity": 0.03715025477128854,
  "sphericity": 0.6085679584157931
}
