{
  "linearity": 0.1717016604846297,
  "planarity": 0.8075232490952391,
  "sphericity": 0.02077509042013125
}
