{
  "linearity": 0.10291358816345904,
  "planarity": 0.7709057210805127,
  "sphericity": 0.1261806907560282
}
