{
  "linearity": 0.6150583261747061,
  "planarity": 0.34526488739998396,
  "sphericity": 0.03967678642530992
}
