{
  "linearity": 0.4466580663857048,
  "planarity": 0.12890546696767008,
  "sphericity": 0.4244364666466251
}
