{
  "linearity": 0.799382411898781,
  "planarity": 0.0007067650121532186,
  "sphericity": 0.1999108230890658
}
