{
  "linearity": 0.7439012182914013,
  "planarity": 0.0186380401936171,
  "sphericity": 0.23746074151498153
}
