{
  "linearity": 0.6915112707505291,
  "planarity": 0.032450213971404095,
  "sphericity": 0.2760385152780668
}
