{
  "linearity": 0.481986384243389,
  "planarity": 0.24174978428914365,
  "sphericity": 0.2762638314674673
}
