{
  "linearity": 0.10325156770527769,
  "planarity": 0.8038646849270109,
  "sphericity": 0.09288374736771143
}
