{
  "linearity": 0.39354754045362295,
  "planarity": 0.5207857289150206,
  "sphericity": 0.08566673063135641
}
