{
  "linearity": 0.19364568468609442,
  "planarity": 0.3534054792102129,
  "sphericity": 0.4529488361036927
}
