{
  "linearity": 0.44235367026240235,
  "planarity": 0.2794572794816301,
  "sphericity": 0.2781890502559675
}
