{
  "linearity": 0.10732794171525332,
  "planarity": 0.834663136212425,
  "sphericity": 0.05800892207232167
}
