{
  "linearity": 0.0887040025573842,
  "planarity": 0.1887293443060481,
  "sphericity": 0.7225666531365678
}
