{
  "linearity": 0.194042217537928,
  "planarity": 0.7213475158625064,
  "sphericity": 0.08461026659956554
}
