{
  "linearity": 0.14802874063073684,
  "planarity": 0.7762046213171986,
  "sphericity": 0.07576663805206449
}
