{
  "linearity": 0.4838018207539454,
  "planarity": 0.33923839035892256,
  "sphericity": 0.17695978888713204
}
