{
  "linearity": 0.182776003485368,
  "planarity": 0.7673112047011243,
  "sphericity": 0.04991279181350765
}
