{
  "linearity": 0.47695788586249366,
  "planarity": 0.4881473387251277,
  "sphericity": 0.03489477541237861
}
