{
  "linearity": 0.818924882380001,
  "planarity": 0.08583271752261608,
  "sphericity": 0.09524240009738284
}
