{
  "linearity": 0.7081848210271068,
  "planarity": 0.18156950721424786,
  "sphericity": 0.1102456717586454
}
