{
  "linearity": 0.42999556003213557,
  "planarity": 0.4819187379961164,
  "sphericity": 0.08808570197174803
}
