{
  "linearity": 0.3061153108414254,
  "planarity": 0.1295958521886712,
  "sphericity": 0.5642888369699034
}
