{
  "linearity": 0.09081741919512623,
  "planarity": 0.4570640411018632,
  "sphericity": 0.4521185397030105
}
