{
  "linearity": 0.8866560499078598,
  "planarity": 0.007574161676824094,
  "sphericity": 0.10576978841531604
}
