{
  "linearity": 0.8307331347001219,
  "planarity": 0.013890445566826587,
  "sphericity": 0.15537641973305158
}
