{
  "linearity": 0.17003307553699848,
  "planarity": 0.41040910950109827,
  "sphericity": 0.4195578149619033
}
