{
  "linearity": 0.16202529753807912,
  "planarity": 0.026117032051392187,
  "sphericity": 0.8118576704105287
}
