{
  "linearity": 0.3170208766092103,
  "planarity": 0.05350884188215601,
  "sphericity": 0.6294702815086337
}
