{
  "linearity": 0.12089097889973467,
  "planarity": 0.6343615839343422,
  "sphericity": 0.24474743716592312
}
