{
  "linearity": 0.41341377953282754,
  "planarity": 0.46587634883447715,
  "sphericity": 0.12070987163269532
}
