{
  "linearity": 0.09480093691773743,
  "planarity": 0.04196963122942682,
  "sphericity": 0.8632294318528357
}
