{
  "linearity": 0.3475928329917134,
  "planarity": 0.27415710837306034,
  "sphericity": 0.37825005863522626
}
