{
  "linearity": 0.42537351127958406,
  "planarity": 0.5356641960319235,
  "sphericity": 0.03896229268849243
}
