{
  "linearity": 0.09135503853869754,
  "planarity": 0.23943673565776902,
  "sphericity": 0.6692082258035335
}
