{
  "linearity": 0.5891917700508504,
  "planarity": 0.02545845733886589,
  "sphericity": 0.38534977261028364
}
