{
  "linearity": 0.6799870388317779,
  "planarity": 0.08020263606652796,
  "sphericity": 0.2398103251016941
}
