{
  "linearity": 0.7559930668210634,
  "planarity": 0.018010335369390285,
  "sphericity": 0.22599659780954634
}
