{
  "linearity": 0.6965020284352734,
  "planarity": 0.19266473396916603,
  "sphericity": 0.11083323759556049
}
