{
  "linearity": 0.10819255624803745,
  "planarity": 0.3356572867199826,
  "sphericity": 0.55615015703198
}
