{
  "linearity": 0.4057130239249594,
  "planarity": 0.5361581671299039,
  "sphericity": 0.05812880894513671
}
