{
  "linearity": 0.23973515995353611,
  "planarity": 0.6651342515454667,
  "sphericity": 0.09513058850099729
}
