{
  "linearity": 0.7019797023925541,
  "planarity": 0.06486565765010965,
  "sphericity": 0.23315463995733626
}
