{
  "linearity": 0.549250765809637,
  "planarity": 0.19994722026593076,
  "sphericity": 0.25080201392443224
}
