{
  "linearity": 0.7931704313228884,
  "planarity": 0.022450814972056744,
  "sphericity": 0.1843787537050548
}
