{
  "linearity": 0.21724542023208088,
  "planarity": 0.4574495915365878,
  "sphericity": 0.3253049882313313
}
