{
  "linearity": 0.41438039315608705,
  "planarity": 0.01790877598799417,
  "sphericity": 0.5677108308559188
}
