{
  "linearity": 0.3274527205673239,
  "planarity": 0.0691457183053433,
  "sphericity": 0.6034015611273328
}
