{
  "linearity": 0.39582213802643584,
  "planarity": 0.1324304784022235,
  "sphericity": 0.47174738357134066
}
