{
  "linearity": 0.850354398274202,
  "planarity": 0.07422522638312601,
  "sphericity": 0.07542037534267194
}
