{
  "linearity": 0.09380812465602764,
  "planarity": 0.3456266101587208,
  "sphericity": 0.5605652651852515
}
