{
  "linearity": 0.3951755433586033,
  "planarity": 0.3329708158665678,
  "sphericity": 0.2718536407748289
}
