{
  "linearity": 0.08026487511155671,
  "planarity": 0.41928619346739976,
  "sphericity": 0.5004489314210435
}
