{
  "linearity": 0.7247225674279029,
  "planarity": 0.03421095842005577,
  "sphericity": 0.24106647415204144
}
