{
  "linearity": 0.4310500762725246,
  "planarity": 0.10055139288203775,
  "sphericity": 0.4683985308454376
}
