{
  "linearity": 0.28311835670489116,
  "planarity": 0.6471843956608088,
  "sphericity": 0.06969724763429999
}
