{
  "linearity": 0.780427531474379,
  "planarity": 0.1937605781920002,
  "sphericity": 0.025811890333620687
}
