{
  "linearity": 0.39897134557347597,
  "planarity": 0.1755031365733324,
  "sphericity": 0.4255255178531916
}
