{
  "linearity": 0.5308004082849946,
  "planarity": 0.3983834134998075,
  "sphericity": 0.07081617821519784
}
