{
  "linearity": 0.7048497930581024,
  "planarity": 0.2134614770062961,
  "sphericity": 0.08168872993560157
}
