{
  "linearity": 0.2754587900650617,
  "planarity": 0.5467946279900878,
  "sphericity": 0.17774658194485052
}
