{
  "linearity": 0.8566058568034424,
  "planarity": 0.03922698716907624,
  "sphericity": 0.10416715602748143
}
