{
  "linearity": 0.14013531773133697,
  "planarity": 0.7383511424233535,
  "sphericity": 0.12151353984530952
}
