{
  "linearity": 0.9295060306290517,
  "planarity": 0.05808765226953909,
  "sphericity": 0.012406317101409358
}
