{
  "linearity": 0.702913701346902,
  "planarity": 0.03587786418688132,
  "sphericity": 0.2612084344662166
}
