{
  "linearity": 0.10592458352172957,
  "planarity": 0.8034863570311487,
  "sphericity": 0.09058905944712178
}
