{
  "linearity": 0.1645046837533475,
  "planarity": 0.7180032640289867,
  "sphericity": 0.11749205221766572
}
