{
  "linearity": 0.3395535918189817,
  "planarity": 0.5893133745478567,
  "sphericity": 0.07113303363316162
}
