{
  "linearity": 0.710510445052807,
  "planarity": 0.03498707620918184,
  "sphericity": 0.25450247873801113
}
