{
  "linearity": 0.07340679413687676,
  "planarity": 0.04712855187832974,
  "sphericity": 0.8794646539847935
}
