{
  "linearity": 0.15048655629658284,
  "planarity": 0.17800940266793638,
  "sphericity": 0.6715040410354808
}
