{
  "linearity": 0.22231417055706437,
  "planarity": 0.718611825594226,
  "sphericity": 0.05907400384870961
}
