{
  "linearity": 0.3684807487669592,
  "planarity": 0.5593192583343802,
  "sphericity": 0.0721999928986606
}
