{
  "linearity": 0.06253389612390667,
  "planarity": 0.5559698476324383,
  "sphericity": 0.381496256243655
}
