{
  "linearity": 0.4957911047022535,
  "planarity": 0.47019762061460835,
  "sphericity": 0.03401127468313809
}
