{
  "linearity": 0.6262984705745929,
  "planarity": 0.3490441680148014,
  "sphericity": 0.02465736141060569
}
