{
  "linearity": 0.23414609479519738,
  "planarity": 0.5970638637154672,
  "sphericity": 0.1687900414893354
}
