{
  "linearity": 0.49902372111709964,
  "planarity": 0.3646301715381841,
  "sphericity": 0.13634610734471625
}
