{
  "linearity": 0.7190661030327311,
  "planarity": 0.08774153939732762,
  "sphericity": 0.1931923575699412
}
