{
  "linearity": 0.17068138481067963,
  "planarity": 0.8076953387278101,
  "sphericity": 0.02162327646151029
}
