{
  "linearity": 0.14469801836739546,
  "planarity": 0.06068962658659244,
  "sphericity": 0.7946123550460121
}
