{
  "linearity": 0.493914830861415,
  "planarity": 0.020267639703445892,
  "sphericity": 0.48581752943513906
}
