{
  "linearity": 0.819731248081163,
  "planarity": 0.08367765000893487,
  "sphericity": 0.09659110190990207
}
