{
  "linearity": 0.3419745207463232,
  "planarity": 0.5471222555253697,
  "sphericity": 0.11090322372830702
}
