{
  "linearity": 0.8649360117598318,
  "planarity": 0.10761059882401734,
  "sphericity": 0.027453389416150838
}
