{
  "linearity": 0.5292834513999646,
  "planarity": 0.024651254453363036,
  "sphericity": 0.44606529414667245
}
