{
  "linearity": 0.20151434521215258,
  "planarity": 0.42079577507301463,
  "sphericity": 0.3776898797148328
}
