{
  "linearity": 0.8600666624729284,
  "planarity": 0.0144740815585258,
  "sphericity": 0.1254592559685458
}
