{
  "linearity": 0.010508592336237072,
  "planarity": 0.36897934743751576,
  "sphericity": 0.6205120602262472
}
