{
  "linearity": 0.7888539879199864,
  "planarity": 0.17756615245271368,
  "sphericity": 0.0335798596272999
}
