{
  "linearity": 0.7453262954200344,
  "planarity": 0.21576220518182404,
  "sphericity": 0.03891149939814161
}
