{
  "linearity": 0.031193969504737885,
  "planarity": 0.9408467779910517,
  "sphericity": 0.027959252504210434
}
