{
  "linearity": 0.6671924535038362,
  "planarity": 0.2943973861862469,
  "sphericity": 0.038410160309916876
}
