{
  "linearity": 0.13811024028484986,
  "planarity": 0.6162835817536124,
  "sphericity": 0.2456061779615377
}
