{
  "linearity": 0.026526633263963144,
  "planarity": 0.06955047480583168,
  "sphericity": 0.9039228919302051
}
