{
  "linearity": 0.08378403218118204,
  "planarity": 0.2929665208005476,
  "sphericity": 0.6232494470182703
}
