{
  "linearity": 0.4328683928486919,
  "planarity": 0.31110845648284274,
  "sphericity": 0.2560231506684654
}
