{
  "linearity": 0.40391819557093733,
  "planarity": 0.16876282743031365,
  "sphericity": 0.42731897699874904
}
