{
  "linearity": 0.5338279419924673,
  "planarity": 0.4340990263221694,
  "sphericity": 0.03207303168536324
}
