{
  "linearity": 0.13924281011870518,
  "planarity": 0.8224291049576627,
  "sphericity": 0.03832808492363209
}
