{
  "linearity": 0.6039049842845922,
  "planarity": 0.3952137347280602,
  "sphericity": 0.0008812809873477109
}
