{
  "linearity": 0.1692833487398693,
  "planarity": 0.16803520967007018,
  "sphericity": 0.6626814415900605
}
