{
  "linearity": 0.22322584367702145,
  "planarity": 0.3390785115598929,
  "sphericity": 0.4376956447630857
}
