{
  "linearity": 0.06983282305557427,
  "planarity": 0.3244032648997433,
  "sphericity": 0.6057639120446824
}
