{
  "linearity": 0.49524879736509186,
  "planarity": 0.06885685960600486,
  "sphericity": 0.4358943430289033
}
