{
  "linearity": 0.00964831297120162,
  "planarity": 0.22689999313980785,
  "sphericity": 0.7634516938889905
}
