{
  "linearity": 0.18074793566035643,
  "planarity": 0.2602047509084593,
  "sphericity": 0.5590473134311843
}
