{
  "linearity": 0.04366219673907175,
  "planarity": 0.17271290874733589,
  "sphericity": 0.7836248945135924
}
