{
  "linearity": 0.6366560142238123,
  "planarity": 0.06790558314432889,
  "sphericity": 0.2954384026318588
}
