{
  "linearity": 0.8093653971044449,
  "planarity": 0.009135466645906018,
  "sphericity": 0.18149913624964917
}
