{
  "linearity": 0.07796060085994645,
  "planarity": 0.08063357901153048,
  "sphericity": 0.841405820128523
}
