{
  "linearity": 0.09639694390744614,
  "planarity": 0.7324114601361167,
  "sphericity": 0.17119159595643718
}
