{
  "linearity": 0.7637115374588666,
  "planarity": 0.1951376845791805,
  "sphericity": 0.041150777961953024
}
