{
  "linearity": 0.6279058456213477,
  "planarity": 0.15535192000655618,
  "sphericity": 0.21674223437209622
}
