{
  "linearity": 0.17109470946027833,
  "planarity": 0.509411118422776,
  "sphericity": 0.31949417211694575
}
