{
  "linearity": 0.5451053019416203,
  "planarity": 0.08803091664189676,
  "sphericity": 0.36686378141648285
}
