{
  "linearity": 0.5867616206442237,
  "planarity": 0.35018369121093446,
  "sphericity": 0.06305468814484187
}
