{
  "linearity": 0.4941512326210818,
  "planarity": 0.47422769510631224,
  "sphericity": 0.03162107227260595
}
