{
  "linearity": 0.19681709061510577,
  "planarity": 0.6988818487957198,
  "sphericity": 0.10430106058917446
}
