{
  "linearity": 0.1781778358616146,
  "planarity": 0.2209019089821553,
  "sphericity": 0.60092025515623
}
