{
  "linearity": 0.35707967540886915,
  "planarity": 0.6191247430123341,
  "sphericity": 0.023795581578796698
}
