{
  "linearity": 0.02279059622035539,
  "planarity": 0.15658923454802096,
  "sphericity": 0.8206201692316236
}
