{
  "linearity": 0.7751835129984682,
  "planarity": 0.006045461010551844,
  "sphericity": 0.21877102599097994
}
