{
  "linearity": 0.42806792334369315,
  "planarity": 0.48694439628370906,
  "sphericity": 0.08498768037259782
}
