{
  "linearity": 0.6202324752575622,
  "planarity": 0.3173504929372883,
  "sphericity": 0.06241703180514954
}
