{
  "linearity": 0.20742786131514993,
  "planarity": 0.21278490096568084,
  "sphericity": 0.5797872377191693
}
