{
  "linearity": 0.833288751468838,
  "planarity": 0.12270151749580872,
  "sphericity": 0.04400973103535342
}
