{
  "linearity": 0.05312965634847093,
  "planarity": 0.7526881877792088,
  "sphericity": 0.19418215587232032
}
