{
  "linearity": 0.7795954455980422,
  "planarity": 0.17645736189949424,
  "sphericity": 0.04394719250246357
}
