{
  "linearity": 0.3726738028976078,
  "planarity": 0.5620594762864537,
  "sphericity": 0.06526672081593844
}
