{
  "linearity": 0.20458354263274475,
  "planarity": 0.13649595291820477,
  "sphericity": 0.6589205044490505
}
