{
  "linearity": 0.9173881129412478,
  "planarity": 0.00016026068470457975,
  "sphericity": 0.08245162637404772
}
