{
  "linearity": 0.024769838267217344,
  "planarity": 0.1728663470468707,
  "sphericity": 0.802363814685912
}
