{
  "linearity": 0.258059690051458,
  "planarity": 0.6825062895849124,
  "sphericity": 0.0594340203636295
}
