{
  "linearity": 0.9394387810205028,
  "planarity": 0.0007626494186279394,
  "sphericity": 0.05979856956086922
}
