{
  "linearity": 0.11714324326305045,
  "planarity": 0.7807538728098757,
  "sphericity": 0.10210288392707387
}
