{
  "linearity": 0.6366533143240406,
  "planarity": 0.04448023974886598,
  "sphericity": 0.3188664459270933
}
