{
  "linearity": 0.22178833018561853,
  "planarity": 0.706856709744779,
  "sphericity": 0.07135496006960244
}
