{
  "linearity": 0.5876133312951692,
  "planarity": 0.07406930437228378,
  "sphericity": 0.338317364332547
}
