{
  "linearity": 0.722460551787138,
  "planarity": 0.11467812692631649,
  "sphericity": 0.1628613212865456
}
