{
  "linearity": 0.5274127420328661,
  "planarity": 0.01779354713115578,
  "sphericity": 0.454793710835978
}
