{
  "linearity": 0.17090084744064324,
  "planarity": 0.7688200371281824,
  "sphericity": 0.06027911543117444
}
