{
  "linearity": 0.33310382169763403,
  "planarity": 0.02676233915358075,
  "sphericity": 0.6401338391487852
}
