{
  "linearity": 0.23730066690074397,
  "planarity": 0.669449574015385,
  "sphericity": 0.09324975908387109
}
