{
  "linearity": 0.10424081080251808,
  "planarity": 0.8033275641183344,
  "sphericity": 0.09243162507914755
}
