{
  "linearity": 0.8673408365871869,
  "planarity": 0.094254706612096,
  "sphericity": 0.03840445680071717
}
