{
  "linearity": 0.1418313778369407,
  "planarity": 0.7660732149088877,
  "sphericity": 0.09209540725417162
}
