{
  "linearity": 0.7216430520680422,
  "planarity": 0.0672512949442691,
  "sphericity": 0.21110565298768869
}
