{
  "linearity": 0.8903442596323196,
  "planarity": 0.010741781619249156,
  "sphericity": 0.09891395874843129
}
