{
  "linearity": 0.07043228973042011,
  "planarity": 0.406017396270488,
  "sphericity": 0.5235503139990919
}
