{
  "linearity": 0.7094589439412536,
  "planarity": 0.10635615370596814,
  "sphericity": 0.18418490235277826
}
