{
  "linearity": 0.056685083386691225,
  "planarity": 0.013069742209929798,
  "sphericity": 0.930245174403379
}
