{
  "linearity": 0.5798474929031744,
  "planarity": 0.011531597922934463,
  "sphericity": 0.4086209091738912
}
