{
  "linearity": 0.8161697815576836,
  "planarity": 0.04774510348318209,
  "sphericity": 0.13608511495913428
}
