{
  "linearity": 0.332344101065173,
  "planarity": 0.08114589875128635,
  "sphericity": 0.5865100001835407
}
