{
  "linearity": 0.3359819793842762,
  "planarity": 0.5364387293285408,
  "sphericity": 0.12757929128718304
}
