{
  "linearity": 0.00830472679550037,
  "planarity": 0.3187758171099998,
  "sphericity": 0.6729194560944999
}
