{
  "linearity": 0.8874866214943691,
  "planarity": 0.07153264588359179,
  "sphericity": 0.04098073262203908
}
