{
  "linearity": 0.6538367101404365,
  "planarity": 0.002285507918925647,
  "sphericity": 0.34387778194063784
}
