{
  "linearity": 0.14399641563704138,
  "planarity": 0.8380285081257738,
  "sphericity": 0.017975076237184872
}
