{
  "linearity": 0.11450682297361472,
  "planarity": 0.7013041867584733,
  "sphericity": 0.184188990267912
}
