{
  "linearity": 0.20787357102271106,
  "planarity": 0.6030843888213471,
  "sphericity": 0.18904204015594195
}
