{
  "linearity": 0.839394337618923,
  "planarity": 0.08006427686799088,
  "sphericity": 0.08054138551308611
}
