{
  "linearity": 0.12655538070150443,
  "planarity": 0.744468487293628,
  "sphericity": 0.12897613200486752
}
