{
  "linearity": 0.6232395230382904,
  "planarity": 0.24093520007694744,
  "sphericity": 0.1358252768847621
}
