{
  "linearity": 0.607761735969784,
  "planarity": 0.31242639268489003,
  "sphericity": 0.07981187134532597
}
