{
  "linearity": 0.8419145911531046,
  "planarity": 0.009635803686938334,
  "sphericity": 0.1484496051599571
}
