{
  "linearity": 0.5085911189108286,
  "planarity": 0.4343712477027889,
  "sphericity": 0.0570376333863824
}
