{
  "linearity": 0.8138486557771504,
  "planarity": 0.028930619803687253,
  "sphericity": 0.15722072441916232
}
