{
  "linearity": 0.8747602122338687,
  "planarity": 0.016516504650799783,
  "sphericity": 0.10872328311533154
}
