{
  "linearity": 0.022880270388140504,
  "planarity": 0.1253782560495852,
  "sphericity": 0.8517414735622743
}
