{
  "linearity": 0.2267976538911049,
  "planarity": 0.6647380605735468,
  "sphericity": 0.1084642855353483
}
