{
  "linearity": 0.32252173679450635,
  "planarity": 0.002183792355282508,
  "sphericity": 0.6752944708502111
}
