{
  "linearity": 0.20782609447940034,
  "planarity": 0.026717555268553312,
  "sphericity": 0.7654563502520464
}
