{
  "linearity": 0.21372825139368512,
  "planarity": 0.7260476004354701,
  "sphericity": 0.06022414817084473
}
