{
  "linearity": 0.04039766056137169,
  "planarity": 0.8831118963396977,
  "sphericity": 0.07649044309893067
}
