{
  "linearity": 0.5645543982330334,
  "planarity": 0.018631776223568618,
  "sphericity": 0.41681382554339796
}
