{
  "linearity": 0.379121231918892,
  "planarity": 0.5764126311974794,
  "sphericity": 0.044466136883628486
}
