{
  "linearity": 0.861985173960482,
  "planarity": 0.1021198487862869,
  "sphericity": 0.0358949772532311
}
