{
  "linearity": 0.8815122923246713,
  "planarity": 0.023791643033744474,
  "sphericity": 0.09469606464158416
}
