{
  "linearity": 0.6776135304546491,
  "planarity": 0.29981920819247637,
  "sphericity": 0.022567261352874454
}
