{
  "linearity": 0.7040931667509635,
  "planarity": 0.2686638347067434,
  "sphericity": 0.027242998542293163
}
