{
  "linearity": 0.12152559321817379,
  "planarity": 0.7442543285640024,
  "sphericity": 0.13422007821782378
}
