{
  "linearity": 0.20780021847490251,
  "planarity": 0.2816062384130859,
  "sphericity": 0.5105935431120115
}
