{
  "linearity": 0.7760897403910222,
  "planarity": 0.029033749406157633,
  "sphericity": 0.19487651020282015
}
