{
  "linearity": 0.35257002174007457,
  "planarity": 0.13216908338608702,
  "sphericity": 0.5152608948738384
}
