{
  "linearity": 0.40390291170937276,
  "planarity": 0.4404152415618078,
  "sphericity": 0.1556818467288195
}
