{
  "linearity": 0.12634016187749933,
  "planarity": 0.009799311740044551,
  "sphericity": 0.8638605263824561
}
