{
  "linearity": 0.08892172583760051,
  "planarity": 0.4658168530634935,
  "sphericity": 0.445261421098906
}
