{
  "linearity": 0.7460232096503473,
  "planarity": 0.09771755767594885,
  "sphericity": 0.1562592326737038
}
