{
  "linearity": 0.48380772257046745,
  "planarity": 0.41258038178808576,
  "sphericity": 0.10361189564144674
}
