{
  "linearity": 0.11419953985461861,
  "planarity": 0.7995837981243881,
  "sphericity": 0.08621666202099325
}
