{
  "linearity": 0.35015594059961214,
  "planarity": 0.6062026096440782,
  "sphericity": 0.043641449756309625
}
