{
  "linearity": 0.7319396721839735,
  "planarity": 0.08779562825094409,
  "sphericity": 0.1802646995650824
}
