{
  "linearity": 0.40362589036389995,
  "planarity": 0.010680493171884662,
  "sphericity": 0.5856936164642154
}
