{
  "linearity": 0.19497823236296957,
  "planarity": 0.7148556021280804,
  "sphericity": 0.09016616550895
}
