{
  "linearity": 0.11308928448869679,
  "planarity": 0.27866675818570064,
  "sphericity": 0.6082439573256025
}
