{
  "linearity": 0.04937888575411692,
  "planarity": 0.49544399965503677,
  "sphericity": 0.4551771145908463
}
