{
  "linearity": 0.08463356427502332,
  "planarity": 0.40493581539238793,
  "sphericity": 0.5104306203325888
}
