{
  "linearity": 0.9059061634555109,
  "planarity": 0.029476197830786966,
  "sphericity": 0.06461763871370219
}
