{
  "linearity": 0.48467626340411923,
  "planarity": 0.45250027160080986,
  "sphericity": 0.06282346499507088
}
