{
  "linearity": 0.007855988219331622,
  "planarity": 0.8704945057027679,
  "sphericity": 0.12164950607790047
}
