{
  "linearity": 0.47974591410392253,
  "planarity": 0.054186619470995914,
  "sphericity": 0.46606746642508157
}
