{
  "linearity": 0.8791187725219333,
  "planarity": 0.08499388528131374,
  "sphericity": 0.03588734219675299
}
