{
  "linearity": 0.2969121049411775,
  "planarity": 0.02207843559484779,
  "sphericity": 0.6810094594639747
}
