{
  "linearity": 0.20296803656793355,
  "planarity": 0.5676108864914622,
  "sphericity": 0.22942107694060432
}
