{
  "linearity": 0.16661323647852563,
  "planarity": 0.7941368011222549,
  "sphericity": 0.03924996239921937
}
