{
  "linearity": 0.09982269829596567,
  "planarity": 0.8214643819399048,
  "sphericity": 0.07871291976412947
}
