{
  "linearity": 0.06841512741868938,
  "planarity": 0.021754105814698898,
  "sphericity": 0.9098307667666117
}
