{
  "linearity": 0.05182278915026715,
  "planarity": 0.32398151122235286,
  "sphericity": 0.62419569962738
}
