{
  "linearity": 0.5940370871806551,
  "planarity": 0.37325685743967435,
  "sphericity": 0.03270605537967061
}
