{
  "linearity": 0.2505662794323992,
  "planarity": 0.6985907984515203,
  "sphericity": 0.05084292211608055
}
