{
  "linearity": 0.4059804685639763,
  "planarity": 0.4707979172078859,
  "sphericity": 0.12322161422813782
}
