{
  "linearity": 0.6516906349766043,
  "planarity": 0.0780083108880749,
  "sphericity": 0.2703010541353209
}
