{
  "linearity": 0.041948104523902525,
  "planarity": 0.7991927260540568,
  "sphericity": 0.15885916942204062
}
