{
  "linearity": 0.26995323838674706,
  "planarity": 0.6685385724708871,
  "sphericity": 0.061508189142365825
}
