{
  "linearity": 0.04448257586133319,
  "planarity": 0.5041267812535654,
  "sphericity": 0.45139064288510145
}
