{
  "linearity": 0.003541477370856755,
  "planarity": 0.05231506388561937,
  "sphericity": 0.9441434587435239
}
