{
  "linearity": 0.3780907451141027,
  "planarity": 0.12199934378150329,
  "sphericity": 0.49990991110439403
}
