{
  "linearity": 0.8313226768942271,
  "planarity": 0.004997374180891919,
  "sphericity": 0.16367994892488105
}
