{
  "linearity": 0.9098950751582905,
  "planarity": 0.009706422821761266,
  "sphericity": 0.08039850201994823
}
