{
  "linearity": 0.37157878653611004,
  "planarity": 0.5885712756796544,
  "sphericity": 0.039849937784235644
}
