{
  "linearity": 0.5785880351268171,
  "planarity": 0.06742702021523506,
  "sphericity": 0.35398494465794783
}
