{
  "linearity": 0.1152697041617354,
  "planarity": 0.8238615802375675,
  "sphericity": 0.06086871560069717
}
