{
  "linearity": 0.8430078734282561,
  "planarity": 0.021386814317639665,
  "sphericity": 0.13560531225410416
}
