{
  "linearity": 0.6588335829238728,
  "planarity": 0.0013260887161901827,
  "sphericity": 0.339840328359937
}
