{
  "linearity": 0.03329451693072592,
  "planarity": 0.8941219432674646,
  "sphericity": 0.07258353980180945
}
