{
  "linearity": 0.7227392571792148,
  "planarity": 0.1325983397058288,
  "sphericity": 0.14466240311495637
}
