{
  "linearity": 0.10640963403745815,
  "planarity": 0.718000346163709,
  "sphericity": 0.17559001979883282
}
