{
  "linearity": 0.32445586592947523,
  "planarity": 0.35230907892718516,
  "sphericity": 0.32323505514333967
}
