{
  "linearity": 0.9408891170288592,
  "planarity": 0.012480571778173025,
  "sphericity": 0.04663031119296763
}
