{
  "linearity": 0.08510941060061514,
  "planarity": 0.17661101081170338,
  "sphericity": 0.7382795785876815
}
