{
  "linearity": 0.15997898742933067,
  "planarity": 0.4200154505397281,
  "sphericity": 0.4200055620309412
}
