{
  "linearity": 0.4153891632779576,
  "planarity": 0.5536822193218722,
  "sphericity": 0.030928617400170166
}
