{
  "linearity": 0.02096698597871809,
  "planarity": 0.8219575363881564,
  "sphericity": 0.15707547763312546
}
