{
  "linearity": 0.9031909430877025,
  "planarity": 0.029788872414205286,
  "sphericity": 0.06702018449809226
}
