{
  "linearity": 0.0442937312104735,
  "planarity": 0.3638229069330187,
  "sphericity": 0.5918833618565078
}
