{
  "linearity": 0.03780534804458492,
  "planarity": 0.021222550829173063,
  "sphericity": 0.940972101126242
}
