{
  "linearity": 0.8602727485732972,
  "planarity": 0.0001460096056244587,
  "sphericity": 0.13958124182107842
}
