{
  "linearity": 0.7149409534918401,
  "planarity": 0.0308974697378323,
  "sphericity": 0.2541615767703276
}
