{
  "linearity": 0.14355473425933607,
  "planarity": 0.35438531725566863,
  "sphericity": 0.5020599484849952
}
