{
  "linearity": 0.6086343354162808,
  "planarity": 0.2426539304499903,
  "sphericity": 0.14871173413372893
}
