{
  "linearity": 0.16170408289630495,
  "planarity": 0.7042618438750238,
  "sphericity": 0.13403407322867122
}
