{
  "linearity": 0.10132930393606526,
  "planarity": 0.33451464187530106,
  "sphericity": 0.5641560541886337
}
