{
  "linearity": 0.59572348317701,
  "planarity": 0.2834423368670431,
  "sphericity": 0.1208341799559469
}
