{
  "linearity": 0.3461330486964471,
  "planarity": 0.13120277169569475,
  "sphericity": 0.5226641796078582
}
