{
  "linearity": 0.6640873185225812,
  "planarity": 0.04813949273399258,
  "sphericity": 0.2877731887434263
}
