{
  "linearity": 0.6734767347001678,
  "planarity": 0.05959493642989749,
  "sphericity": 0.26692832886993473
}
