{
  "linearity": 0.26530881646639454,
  "planarity": 0.6754863038902699,
  "sphericity": 0.05920487964333557
}
