{
  "linearity": 0.7656629963676949,
  "planarity": 0.12694929850014472,
  "sphericity": 0.10738770513216056
}
