{
  "linearity": 0.39545855401527696,
  "planarity": 0.04859005818211982,
  "sphericity": 0.5559513878026032
}
