{
  "linearity": 0.18101354086162838,
  "planarity": 0.6163716621411718,
  "sphericity": 0.2026147969971998
}
