{
  "linearity": 0.06292331140531221,
  "planarity": 0.0457309700017067,
  "sphericity": 0.8913457185929811
}
