{
  "linearity": 0.14313603532149982,
  "planarity": 0.8178484374683397,
  "sphericity": 0.03901552721016043
}
