{
  "linearity": 0.17397374557593323,
  "planarity": 0.36867837256192015,
  "sphericity": 0.45734788186214664
}
