{
  "linearity": 0.037254856431466955,
  "planarity": 0.25112908950933255,
  "sphericity": 0.7116160540592005
}
