{
  "linearity": 0.12461058264190294,
  "planarity": 0.6903317858678264,
  "sphericity": 0.18505763149027066
}
