{
  "linearity": 0.447114848843464,
  "planarity": 0.1766735369933911,
  "sphericity": 0.3762116141631449
}
