{
  "linearity": 0.7015202020200448,
  "planarity": 0.22527973299847534,
  "sphericity": 0.07320006498147973
}
