{
  "linearity": 0.10532199775643689,
  "planarity": 0.44306748836516413,
  "sphericity": 0.451610513878399
}
