{
  "linearity": 0.2547357685233704,
  "planarity": 0.4031793356893561,
  "sphericity": 0.3420848957872735
}
