{
  "linearity": 0.825552047284933,
  "planarity": 0.005330221422947101,
  "sphericity": 0.1691177312921199
}
