{
  "linearity": 0.06838789705661409,
  "planarity": 0.8442672558139003,
  "sphericity": 0.08734484712948563
}
