{
  "linearity": 0.3940784716308894,
  "planarity": 0.26533545290748256,
  "sphericity": 0.34058607546162806
}
