{
  "linearity": 0.010112946262532552,
  "planarity": 0.46542064056599697,
  "sphericity": 0.5244664131714705
}
