{
  "linearity": 0.19840734217465833,
  "planarity": 0.34750606716446386,
  "sphericity": 0.4540865906608778
}
