{
  "linearity": 0.0017260734958815555,
  "planarity": 0.9551939910223225,
  "sphericity": 0.0430799354817959
}
