{
  "linearity": 0.6042094359282525,
  "planarity": 0.06722711288727194,
  "sphericity": 0.32856345118447555
}
