{
  "linearity": 0.09666810715054502,
  "planarity": 0.07109209647331732,
  "sphericity": 0.8322397963761377
}
