{
  "linearity": 0.15353650940763477,
  "planarity": 0.12583246382103938,
  "sphericity": 0.7206310267713258
}
