{
  "linearity": 0.5829100575721995,
  "planarity": 0.2821787209160664,
  "sphericity": 0.13491122151173415
}
