{
  "linearity": 0.02576227238633178,
  "planarity": 0.9149121524302226,
  "sphericity": 0.05932557518344564
}
