{
  "linearity": 0.7320210502708321,
  "planarity": 0.12046794428936876,
  "sphericity": 0.14751100543979917
}
