{
  "linearity": 0.8965358422365509,
  "planarity": 0.01024539614388511,
  "sphericity": 0.093218761619564
}
