{
  "linearity": 0.5009824309676078,
  "planarity": 0.18165964240378193,
  "sphericity": 0.3173579266286103
}
