{
  "linearity": 0.13651148344887637,
  "planarity": 0.6712918021281487,
  "sphericity": 0.19219671442297503
}
