{
  "linearity": 0.507415663996672,
  "planarity": 0.345430251283283,
  "sphericity": 0.147154084720045
}
