{
  "linearity": 0.6036721079804984,
  "planarity": 0.06084361541322586,
  "sphericity": 0.3354842766062757
}
