{
  "linearity": 0.013723009131899796,
  "planarity": 0.5209031042293722,
  "sphericity": 0.465373886638728
}
