{
  "linearity": 0.4048594506318701,
  "planarity": 0.2304058235964762,
  "sphericity": 0.36473472577165367
}
