{
  "linearity": 0.23993371505508523,
  "planarity": 0.6801233217161325,
  "sphericity": 0.07994296322878222
}
