{
  "linearity": 0.6869934574265173,
  "planarity": 0.06649349865514585,
  "sphericity": 0.24651304391833684
}
