{
  "linearity": 0.13166504046299543,
  "planarity": 0.7054940048766355,
  "sphericity": 0.16284095466036913
}
