{
  "linearity": 0.7779568846978345,
  "planarity": 0.19121102665592518,
  "sphericity": 0.030832088646240274
}
