{
  "linearity": 0.648277142979269,
  "planarity": 0.24884309328711335,
  "sphericity": 0.1028797637336176
}
