{
  "linearity": 0.6947928632635368,
  "planarity": 0.09029719512475905,
  "sphericity": 0.21490994161170415
}
