{
  "linearity": 0.4482018681866936,
  "planarity": 0.09310549253100238,
  "sphericity": 0.45869263928230397
}
