{
  "linearity": 0.8277151563259417,
  "planarity": 0.013601343762171828,
  "sphericity": 0.15868349991188652
}
