{
  "linearity": 0.2378202194813099,
  "planarity": 0.5975951291362167,
  "sphericity": 0.16458465138247336
}
