{
  "linearity": 0.7528301217967187,
  "planarity": 0.034748995067270236,
  "sphericity": 0.212420883136011
}
