{
  "linearity": 0.05277825018096048,
  "planarity": 0.8549004089677389,
  "sphericity": 0.09232134085130071
}
