{
  "linearity": 0.14498256841111964,
  "planarity": 0.2485557992222902,
  "sphericity": 0.6064616323665901
}
