{
  "linearity": 0.02777748615882972,
  "planarity": 0.30205069257208733,
  "sphericity": 0.6701718212690829
}
