{
  "linearity": 0.11434679372616342,
  "planarity": 0.7013241273318205,
  "sphericity": 0.1843290789420161
}
