{
  "linearity": 0.04276617042153469,
  "planarity": 0.8168400937133187,
  "sphericity": 0.14039373586514667
}
