{
  "linearity": 0.11532526070155562,
  "planarity": 0.5627496448281856,
  "sphericity": 0.32192509447025885
}
