{
  "linearity": 0.23818522719963148,
  "planarity": 0.6782547722465884,
  "sphericity": 0.08356000055378014
}
