{
  "linearity": 0.5712085537989237,
  "planarity": 0.15978372426296772,
  "sphericity": 0.26900772193810857
}
