{
  "linearity": 0.6633664971009424,
  "planarity": 0.18435017929564562,
  "sphericity": 0.152283323603412
}
