{
  "linearity": 0.13890021142236758,
  "planarity": 0.09675132998803472,
  "sphericity": 0.7643484585895977
}
