{
  "linearity": 0.10282595350478797,
  "planarity": 0.3375155310140242,
  "sphericity": 0.5596585154811878
}
