{
  "linearity": 0.3775479969584207,
  "planarity": 0.18842001321120766,
  "sphericity": 0.4340319898303717
}
