{
  "linearity": 0.6787003616367844,
  "planarity": 0.061377155615175566,
  "sphericity": 0.25992248274804003
}
