{
  "linearity": 0.855414209809429,
  "planarity": 0.105215672596697,
  "sphericity": 0.03937011759387407
}
