{
  "linearity": 0.5572679574542307,
  "planarity": 0.21247149056714323,
  "sphericity": 0.230260551978626
}
