{
  "linearity": 0.211853549618169,
  "planarity": 0.7780350101370238,
  "sphericity": 0.01011144024480723
}
