{
  "linearity": 0.7458428681356027,
  "planarity": 0.0019420991521754364,
  "sphericity": 0.2522150327122218
}
