{
  "linearity": 0.22937522276401595,
  "planarity": 0.017739294661692544,
  "sphericity": 0.7528854825742916
}
