{
  "linearity": 0.6602279825257302,
  "planarity": 2.1420701360253786e-09,
  "sphericity": 0.3397720153321996
}
