{
  "linearity": 0.10893725938540823,
  "planarity": 0.5345117312276115,
  "sphericity": 0.3565510093869802
}
