{
  "linearity": 0.2503290227598263,
  "planarity": 0.43031924568092667,
  "sphericity": 0.319351731559247
}
