{
  "linearity": 0.10060131782655768,
  "planarity": 0.1726913392393246,
  "sphericity": 0.7267073429341178
}
