{
  "linearity": 0.26912060763103557,
  "planarity": 0.682780262088918,
  "sphericity": 0.048099130280046504
}
