{
  "linearity": 0.6471329201387228,
  "planarity": 0.0589700458602374,
  "sphericity": 0.2938970340010398
}
