{
  "linearity": 0.35333907573966183,
  "planarity": 0.6135105986074557,
  "sphericity": 0.03315032565288244
}
