{
  "linearity": 0.6640553505191273,
  "planarity": 0.008909110867178367,
  "sphericity": 0.3270355386136943
}
