{
  "linearity": 0.11960069183633569,
  "planarity": 0.552085418279448,
  "sphericity": 0.3283138898842163
}
