{
  "linearity": 0.7430138896072613,
  "planarity": 0.0056694387991554985,
  "sphericity": 0.25131667159358306
}
