{
  "linearity": 0.5379546212354879,
  "planarity": 0.1499440765985902,
  "sphericity": 0.31210130216592197
}
