{
  "linearity": 0.47229305590849835,
  "planarity": 0.48956236620822846,
  "sphericity": 0.0381445778832732
}
