{
  "linearity": 0.0032983945702259316,
  "planarity": 0.8874342743632984,
  "sphericity": 0.10926733106647565
}
