{
  "linearity": 0.10750229286939716,
  "planarity": 0.2852459554578237,
  "sphericity": 0.6072517516727791
}
