{
  "linearity": 0.5944731212814713,
  "planarity": 0.11739345218576824,
  "sphericity": 0.2881334265327605
}
