{
  "linearity": 0.4824868185989463,
  "planarity": 0.21528705818046978,
  "sphericity": 0.3022261232205839
}
