{
  "linearity": 0.5790127503667647,
  "planarity": 0.06049520543398217,
  "sphericity": 0.3604920441992532
}
