{
  "linearity": 0.1629331348145314,
  "planarity": 0.234598291252059,
  "sphericity": 0.6024685739334096
}
