{
  "linearity": 0.023102215300901324,
  "planarity": 0.9527357360468529,
  "sphericity": 0.024162048652245863
}
