{
  "linearity": 0.09562740174642204,
  "planarity": 0.18905306157395238,
  "sphericity": 0.7153195366796256
}
