{
  "linearity": 0.14033148004203175,
  "planarity": 0.4447271220808854,
  "sphericity": 0.41494139787708284
}
