{
  "linearity": 0.5352428780427358,
  "planarity": 0.44449184108162965,
  "sphericity": 0.020265280875634496
}
