{
  "linearity": 0.00010563008548057644,
  "planarity": 0.8544074240746579,
  "sphericity": 0.14548694583986158
}
