{
  "linearity": 0.02991535545164609,
  "planarity": 0.0739563307832703,
  "sphericity": 0.8961283137650836
}
