{
  "linearity": 0.015659252214526107,
  "planarity": 0.10331177086746117,
  "sphericity": 0.8810289769180127
}
