{
  "linearity": 0.6913323699406804,
  "planarity": 0.01138581020627059,
  "sphericity": 0.2972818198530491
}
