{
  "linearity": 0.43365155075009815,
  "planarity": 0.04350402676331094,
  "sphericity": 0.5228444224865909
}
