{
  "linearity": 0.288799140854001,
  "planarity": 0.6671994015273657,
  "sphericity": 0.04400145761863329
}
