{
  "linearity": 0.3030643440909951,
  "planarity": 0.4736630024102519,
  "sphericity": 0.22327265349875303
}
