{
  "linearity": 0.16126844227931292,
  "planarity": 0.39112150663834305,
  "sphericity": 0.44761005108234403
}
