{
  "linearity": 0.7374061700228256,
  "planarity": 0.19935806752541668,
  "sphericity": 0.06323576245175774
}
