{
  "linearity": 0.1989546313249181,
  "planarity": 0.6788297764042631,
  "sphericity": 0.12221559227081884
}
