{
  "linearity": 0.3239089392001703,
  "planarity": 0.5910953687062092,
  "sphericity": 0.08499569209362055
}
