{
  "linearity": 0.6648280866955482,
  "planarity": 0.16672393264758817,
  "sphericity": 0.16844798065686373
}
