{
  "linearity": 0.8574961764284932,
  "planarity": 0.023278795327331257,
  "sphericity": 0.11922502824417558
}
