{
  "linearity": 0.29638587904097313,
  "planarity": 0.6207477219500264,
  "sphericity": 0.08286639900900046
}
