{
  "linearity": 0.20551658379484722,
  "planarity": 0.628077442540144,
  "sphericity": 0.16640597366500887
}
