{
  "linearity": 0.5038709081782233,
  "planarity": 0.475522361516115,
  "sphericity": 0.020606730305661725
}
