{
  "linearity": 0.4315170036902336,
  "planarity": 0.5401329845049306,
  "sphericity": 0.02835001180483582
}
