{
  "linearity": 0.7294730678661973,
  "planarity": 0.039609647311974854,
  "sphericity": 0.23091728482182788
}
