{
  "linearity": 0.26764698420630956,
  "planarity": 0.06084588407142985,
  "sphericity": 0.6715071317222606
}
