{
  "linearity": 0.6718970027275124,
  "planarity": 0.20753147690498944,
  "sphericity": 0.1205715203674981
}
