{
  "linearity": 0.03932417956659177,
  "planarity": 0.7959010829771316,
  "sphericity": 0.1647747374562767
}
