{
  "linearity": 0.40911858924629285,
  "planarity": 0.25319514185229536,
  "sphericity": 0.33768626890141185
}
