{
  "linearity": 0.022750244010126187,
  "planarity": 0.9267894707002061,
  "sphericity": 0.050460285289667714
}
