{
  "linearity": 0.8446779183528015,
  "planarity": 0.0124834256705041,
  "sphericity": 0.14283865597669437
}
