{
  "linearity": 0.15640987932328143,
  "planarity": 0.7560477226663265,
  "sphericity": 0.08754239801039208
}
