{
  "linearity": 0.16007536351208865,
  "planarity": 0.7412138717065996,
  "sphericity": 0.09871076478131172
}
