{
  "linearity": 0.24674714033027795,
  "planarity": 0.629813689980975,
  "sphericity": 0.12343916968874714
}
