{
  "linearity": 0.4610752652285797,
  "planarity": 0.0062521837305728615,
  "sphericity": 0.5326725510408474
}
