{
  "linearity": 0.07587058197020739,
  "planarity": 0.21416934967691878,
  "sphericity": 0.7099600683528738
}
