{
  "linearity": 0.1554506515359093,
  "planarity": 0.1003139438935155,
  "sphericity": 0.7442354045705751
}
