{
  "linearity": 0.943172680017554,
  "planarity": 0.02589234640776348,
  "sphericity": 0.03093497357468256
}
