{
  "linearity": 0.11851637725656436,
  "planarity": 0.35185496524243126,
  "sphericity": 0.5296286575010044
}
