{
  "linearity": 0.02188321010848998,
  "planarity": 0.12287615679948592,
  "sphericity": 0.8552406330920241
}
