{
  "linearity": 0.05288355679274739,
  "planarity": 0.28941553588134655,
  "sphericity": 0.6577009073259061
}
