{
  "linearity": 0.0255627792702173,
  "planarity": 0.6133635178487079,
  "sphericity": 0.3610737028810748
}
