{
  "linearity": 0.027583838115298315,
  "planarity": 0.91769226697815,
  "sphericity": 0.054723894906551725
}
