{
  "linearity": 0.061935399474038574,
  "planarity": 0.29937966147112766,
  "sphericity": 0.6386849390548338
}
