{
  "linearity": 0.08824457637098491,
  "planarity": 0.03862904955353234,
  "sphericity": 0.8731263740754828
}
