{
  "linearity": 0.5487942542362269,
  "planarity": 0.33113812613680266,
  "sphericity": 0.1200676196269704
}
