{
  "linearity": 0.024670913451452014,
  "planarity": 0.13728221818679875,
  "sphericity": 0.8380468683617492
}
