{
  "linearity": 0.42598831327249853,
  "planarity": 0.35698855859363626,
  "sphericity": 0.21702312813386518
}
