{
  "linearity": 0.5902566778633178,
  "planarity": 0.216087342607473,
  "sphericity": 0.19365597952920924
}
