{
  "linearity": 0.9120777708707906,
  "planarity": 0.0704545348956557,
  "sphericity": 0.017467694233553814
}
