{
  "linearity": 0.050897474734557434,
  "planarity": 0.16075395748015986,
  "sphericity": 0.7883485677852827
}
