{
  "linearity": 0.7397846505421913,
  "planarity": 0.02850553162313024,
  "sphericity": 0.23170981783467834
}
