{
  "linearity": 0.49497528652115985,
  "planarity": 0.46983956552216255,
  "sphericity": 0.03518514795667759
}
