{
  "linearity": 0.5961325810640304,
  "planarity": 0.22766509659702097,
  "sphericity": 0.1762023223389486
}
