{
  "linearity": 0.13231292916967188,
  "planarity": 0.14370884664665168,
  "sphericity": 0.7239782241836764
}
