{
  "linearity": 0.461257518591827,
  "planarity": 0.4879090898780013,
  "sphericity": 0.05083339153017171
}
