{
  "linearity": 0.5054921196362568,
  "planarity": 0.449982624200783,
  "sphericity": 0.0445252561629601
}
