{
  "linearity": 0.35805895489336054,
  "planarity": 0.22837352292674354,
  "sphericity": 0.4135675221798959
}
