{
  "linearity": 0.26793095893729113,
  "planarity": 0.7127326977726218,
  "sphericity": 0.01933634329008704
}
