{
  "linearity": 0.19982669553227958,
  "planarity": 0.5088240848286021,
  "sphericity": 0.29134921963911836
}
