{
  "linearity": 0.10075642142032432,
  "planarity": 0.6273384184636802,
  "sphericity": 0.2719051601159955
}
