{
  "linearity": 0.21987484975690047,
  "planarity": 0.4219949392231608,
  "sphericity": 0.35813021101993875
}
