{
  "linearity": 0.3920630078531117,
  "planarity": 0.4817367825390249,
  "sphericity": 0.12620020960786332
}
