{
  "linearity": 0.04548017467197637,
  "planarity": 0.03309830186248208,
  "sphericity": 0.9214215234655415
}
