{
  "linearity": 0.41286711046585595,
  "planarity": 0.5390249503317397,
  "sphericity": 0.048107939202404346
}
