{
  "linearity": 0.8956247390422158,
  "planarity": 0.000910105971243423,
  "sphericity": 0.10346515498654077
}
