{
  "linearity": 0.736903855942472,
  "planarity": 0.03225110216884861,
  "sphericity": 0.23084504188867933
}
