{
  "linearity": 0.1774663124164079,
  "planarity": 0.6326071994774204,
  "sphericity": 0.18992648810617174
}
