{
  "linearity": 0.504850900571265,
  "planarity": 0.45377571609787276,
  "sphericity": 0.041373383330862226
}
