{
  "linearity": 0.61471938735377,
  "planarity": 0.23100009120520204,
  "sphericity": 0.15428052144102794
}
