{
  "linearity": 0.48765353309443854,
  "planarity": 0.46895526519478814,
  "sphericity": 0.04339120171077335
}
