{
  "linearity": 0.12103857899916565,
  "planarity": 0.021930445772870743,
  "sphericity": 0.8570309752279636
}
