{
  "linearity": 0.6240767137104751,
  "planarity": 3.0356135832971184e-11,
  "sphericity": 0.3759232862591687
}
