{
  "linearity": 0.510939157876093,
  "planarity": 0.4099567064543783,
  "sphericity": 0.07910413566952866
}
