{
  "linearity": 0.8498488393646579,
  "planarity": 0.020225153052281165,
  "sphericity": 0.1299260075830609
}
