{
  "linearity": 0.4075495769584768,
  "planarity": 0.5307229653667069,
  "sphericity": 0.061727457674816216
}
