{
  "linearity": 0.15375066083567576,
  "planarity": 0.8217516210043494,
  "sphericity": 0.024497718159974907
}
