{
  "linearity": 0.5946171591797486,
  "planarity": 0.10404038103754655,
  "sphericity": 0.3013424597827049
}
