{
  "linearity": 0.3300246719383868,
  "planarity": 0.6235996122822715,
  "sphericity": 0.04637571577934167
}
