{
  "linearity": 0.07294279109234976,
  "planarity": 0.11242404806157494,
  "sphericity": 0.8146331608460753
}
