{
  "linearity": 0.20051541899197653,
  "planarity": 0.17895531203842951,
  "sphericity": 0.6205292689695939
}
