{
  "linearity": 0.3104196638262392,
  "planarity": 0.012477681226933709,
  "sphericity": 0.6771026549468271
}
