{
  "linearity": 0.19908750667289257,
  "planarity": 0.6356791920592333,
  "sphericity": 0.1652333012678742
}
