{
  "linearity": 0.36666651774406817,
  "planarity": 0.2618340627554965,
  "sphericity": 0.37149941950043536
}
