{
  "linearity": 0.01277561520065355,
  "planarity": 0.5513682957404163,
  "sphericity": 0.4358560890589301
}
