{
  "linearity": 0.41121978434155015,
  "planarity": 0.18377720005065767,
  "sphericity": 0.40500301560779217
}
