{
  "linearity": 0.6182577056122782,
  "planarity": 0.3598371082137976,
  "sphericity": 0.021905186173924153
}
