{
  "linearity": 0.359859516718814,
  "planarity": 0.1220910478248571,
  "sphericity": 0.5180494354563289
}
