{
  "linearity": 0.5695066472320991,
  "planarity": 0.3516258628949647,
  "sphericity": 0.0788674898729361
}
