{
  "linearity": 0.1439431405154432,
  "planarity": 0.014859526109812901,
  "sphericity": 0.8411973333747439
}
