{
  "linearity": 0.15929191324085615,
  "planarity": 0.7721604631192827,
  "sphericity": 0.06854762363986124
}
