{
  "linearity": 0.42473607813612885,
  "planarity": 0.24569694856001567,
  "sphericity": 0.3295669733038555
}
