{
  "linearity": 0.013061231334858408,
  "planarity": 0.17319706260115864,
  "sphericity": 0.813741706063983
}
