{
  "linearity": 0.4346148058157715,
  "planarity": 0.1720928880145689,
  "sphericity": 0.39329230616965966
}
