{
  "linearity": 0.0279423428381191,
  "planarity": 0.720988156418399,
  "sphericity": 0.25106950074348194
}
