{
  "linearity": 0.0962193333391397,
  "planarity": 0.8065617815088368,
  "sphericity": 0.0972188851520235
}
