{
  "linearity": 0.07013752788268235,
  "planarity": 0.7550945657824282,
  "sphericity": 0.17476790633488953
}
