{
  "linearity": 0.12346376581960537,
  "planarity": 0.08666698862546113,
  "sphericity": 0.7898692455549335
}
