{
  "linearity": 0.8837617838344823,
  "planarity": 0.018385980215816895,
  "sphericity": 0.09785223594970084
}
