{
  "linearity": 0.15881541744359037,
  "planarity": 0.6952636663262559,
  "sphericity": 0.1459209162301537
}
