{
  "linearity": 0.08690267504507547,
  "planarity": 0.8594673354966189,
  "sphericity": 0.05362998945830566
}
