{
  "linearity": 0.6305178664970733,
  "planarity": 0.06415573023821264,
  "sphericity": 0.305326403264714
}
