{
  "linearity": 0.474396084770024,
  "planarity": 0.13440377552434662,
  "sphericity": 0.3912001397056294
}
