{
  "linearity": 0.6268760592818771,
  "planarity": 0.3361673245976178,
  "sphericity": 0.03695661612050516
}
