{
  "linearity": 0.5214379520559868,
  "planarity": 0.32997446011559245,
  "sphericity": 0.14858758782842083
}
