{
  "linearity": 0.790987908897634,
  "planarity": 0.019650517471213592,
  "sphericity": 0.18936157363115236
}
