{
  "linearity": 0.4040258474890049,
  "planarity": 0.5696129043976844,
  "sphericity": 0.026361248113310757
}
