{
  "linearity": 0.2453251498289645,
  "planarity": 0.21709073417266045,
  "sphericity": 0.5375841159983751
}
