{
  "linearity": 0.12483491969765026,
  "planarity": 0.6537393956337082,
  "sphericity": 0.22142568466864154
}
