{
  "linearity": 0.5948894801402299,
  "planarity": 1.1642818221559205e-11,
  "sphericity": 0.4051105198481273
}
