{
  "linearity": 0.03256066567434027,
  "planarity": 0.06193806834832679,
  "sphericity": 0.9055012659773329
}
