{
  "linearity": 0.48116736780809555,
  "planarity": 0.06754532122824086,
  "sphericity": 0.4512873109636636
}
