{
  "linearity": 0.8209482856225139,
  "planarity": 0.07573613997022449,
  "sphericity": 0.10331557440726163
}
