{
  "linearity": 0.5099268688183463,
  "planarity": 0.39277911953514144,
  "sphericity": 0.09729401164651237
}
