{
  "linearity": 0.22694145678588926,
  "planarity": 0.3965218754740686,
  "sphericity": 0.37653666774004213
}
