{
  "linearity": 0.3302181270277085,
  "planarity": 0.15243374368688223,
  "sphericity": 0.5173481292854093
}
