{
  "linearity": 0.024651924393848373,
  "planarity": 0.0042323185423300685,
  "sphericity": 0.9711157570638216
}
