{
  "linearity": 0.16712195807910693,
  "planarity": 0.4445978061929351,
  "sphericity": 0.38828023572795795
}
