{
  "linearity": 0.24179830348938758,
  "planarity": 0.26545261397636327,
  "sphericity": 0.49274908253424915
}
