{
  "linearity": 0.7919000370929918,
  "planarity": 0.181363538933066,
  "sphericity": 0.026736423973942082
}
