{
  "linearity": 0.6592571203941382,
  "planarity": 0.16251656977429996,
  "sphericity": 0.17822630983156182
}
