{
  "linearity": 0.13198653514369418,
  "planarity": 0.123346986711085,
  "sphericity": 0.7446664781452208
}
