{
  "linearity": 0.13537274990199608,
  "planarity": 0.2416307768185693,
  "sphericity": 0.6229964732794346
}
