{
  "linearity": 0.7200152833849657,
  "planarity": 0.15426305363886486,
  "sphericity": 0.12572166297616938
}
