{
  "linearity": 0.8468012376512537,
  "planarity": 0.004376660531801645,
  "sphericity": 0.14882210181694455
}
