{
  "linearity": 0.1517106135467031,
  "planarity": 0.3719701261544396,
  "sphericity": 0.47631926029885735
}
