{
  "linearity": 0.7810567420942931,
  "planarity": 0.06741510985729612,
  "sphericity": 0.15152814804841075
}
