{
  "linearity": 0.10202558287194484,
  "planarity": 0.027999915605866312,
  "sphericity": 0.8699745015221888
}
