{
  "linearity": 0.09848100992547222,
  "planarity": 0.30610553392935735,
  "sphericity": 0.5954134561451704
}
