{
  "linearity": 0.07072582790081859,
  "planarity": 0.3942426908739524,
  "sphericity": 0.535031481225229
}
