{
  "linearity": 0.5382237587131501,
  "planarity": 0.4037669564388084,
  "sphericity": 0.05800928484804161
}
