{
  "linearity": 0.1770955716074725,
  "planarity": 0.717701174893675,
  "sphericity": 0.10520325349885247
}
