{
  "linearity": 0.10829368302066822,
  "planarity": 0.7750491148828627,
  "sphericity": 0.11665720209646914
}
