{
  "linearity": 0.2034384101467722,
  "planarity": 0.5968607333849505,
  "sphericity": 0.19970085646827726
}
