{
  "linearity": 0.00406008691852993,
  "planarity": 0.9571854386839116,
  "sphericity": 0.03875447439755855
}
