{
  "linearity": 0.6823028676453895,
  "planarity": 0.2808338095486333,
  "sphericity": 0.036863322805977185
}
