{
  "linearity": 0.26697245760127436,
  "planarity": 0.6638728310019482,
  "sphericity": 0.06915471139677742
}
