{
  "linearity": 0.13942383617036194,
  "planarity": 0.0399697718520501,
  "sphericity": 0.820606391977588
}
