{
  "linearity": 0.7706045330347552,
  "planarity": 0.2125318907918855,
  "sphericity": 0.016863576173359356
}
