{
  "linearity": 0.070471500295825,
  "planarity": 0.8833941128822238,
  "sphericity": 0.0461343868219511
}
