{
  "linearity": 0.5676268143365143,
  "planarity": 0.175006390412595,
  "sphericity": 0.2573667952508907
}
