{
  "linearity": 0.1349711629697959,
  "planarity": 0.12035174787403771,
  "sphericity": 0.7446770891561664
}
