{
  "linearity": 0.8777603326529007,
  "planarity": 0.006038308080755688,
  "sphericity": 0.11620135926634367
}
