{
  "linearity": 0.855886235690192,
  "planarity": 0.1247236639134882,
  "sphericity": 0.01939010039631987
}
