{
  "linearity": 0.6901208028214957,
  "planarity": 0.16943097258165712,
  "sphericity": 0.14044822459684717
}
