{
  "linearity": 0.04270922161260292,
  "planarity": 0.5323188032350331,
  "sphericity": 0.4249719751523639
}
