{
  "linearity": 0.20150491530108958,
  "planarity": 0.7522280259576852,
  "sphericity": 0.04626705874122519
}
