{
  "linearity": 0.24336983638884158,
  "planarity": 0.6618868941677417,
  "sphericity": 0.09474326944341668
}
