{
  "linearity": 0.21192260629832693,
  "planarity": 0.6850989087003951,
  "sphericity": 0.1029784850012779
}
