{
  "linearity": 0.14655754004154828,
  "planarity": 0.13606822684972011,
  "sphericity": 0.7173742331087316
}
