{
  "linearity": 0.5919906558644976,
  "planarity": 0.18400150856677602,
  "sphericity": 0.2240078355687264
}
