{
  "linearity": 0.499914275195828,
  "planarity": 0.035949414132482406,
  "sphericity": 0.46413631067168964
}
