{
  "linearity": 0.600684551169326,
  "planarity": 0.11349206121937852,
  "sphericity": 0.28582338761129555
}
