{
  "linearity": 0.07187401499498434,
  "planarity": 0.8472165980867952,
  "sphericity": 0.08090938691822049
}
