{
  "linearity": 0.5590546581833503,
  "planarity": 0.09396439186504324,
  "sphericity": 0.34698094995160644
}
