{
  "linearity": 0.0953005942451367,
  "planarity": 0.4643760547039176,
  "sphericity": 0.4403233510509457
}
