{
  "linearity": 0.37656011995609623,
  "planarity": 0.43678845941797695,
  "sphericity": 0.1866514206259268
}
