{
  "linearity": 0.05735283082769525,
  "planarity": 0.35321585939168815,
  "sphericity": 0.5894313097806166
}
