{
  "linearity": 0.31574836038097764,
  "planarity": 0.04904155260034852,
  "sphericity": 0.6352100870186738
}
