{
  "linearity": 0.11650122968274321,
  "planarity": 0.8283463348460463,
  "sphericity": 0.05515243547121058
}
