{
  "linearity": 0.3171254635968185,
  "planarity": 0.3464992053546185,
  "sphericity": 0.33637533104856304
}
