{
  "linearity": 0.11092357383493757,
  "planarity": 0.8070967706936673,
  "sphericity": 0.08197965547139507
}
