{
  "linearity": 0.09173768539729167,
  "planarity": 0.5609293407925098,
  "sphericity": 0.3473329738101986
}
