{
  "linearity": 0.4428769377887462,
  "planarity": 0.49251986235286405,
  "sphericity": 0.06460319985838976
}
