{
  "linearity": 0.34251607593439154,
  "planarity": 0.4636325131310338,
  "sphericity": 0.19385141093457467
}
