{
  "linearity": 0.06774454903195704,
  "planarity": 0.12501113401796066,
  "sphericity": 0.8072443169500823
}
