{
  "linearity": 0.3761398893425148,
  "planarity": 0.06203921312900702,
  "sphericity": 0.5618208975284782
}
