{
  "linearity": 0.9608170563595458,
  "planarity": 0.012504778311915345,
  "sphericity": 0.026678165328538842
}
