{
  "linearity": 0.5184522910758218,
  "planarity": 0.0691569816473935,
  "sphericity": 0.4123907272767847
}
