{
  "linearity": 0.30272502349036307,
  "planarity": 0.5455453805438885,
  "sphericity": 0.15172959596574853
}
