{
  "linearity": 0.4866251747146965,
  "planarity": 0.358561220176659,
  "sphericity": 0.1548136051086445
}
