{
  "linearity": 0.0054532161886917015,
  "planarity": 0.8881428405512278,
  "sphericity": 0.10640394326008043
}
