{
  "linearity": 0.7926929307716887,
  "planarity": 0.12892062612600483,
  "sphericity": 0.07838644310230646
}
