{
  "linearity": 0.07074664611414032,
  "planarity": 0.2562273844798059,
  "sphericity": 0.6730259694060537
}
