{
  "linearity": 0.5316201297331654,
  "planarity": 0.4410063987968542,
  "sphericity": 0.02737347146998035
}
