{
  "linearity": 0.362107574490337,
  "planarity": 0.014413757796032371,
  "sphericity": 0.6234786677136307
}
