{
  "linearity": 0.8035441387232697,
  "planarity": 0.08005412499329523,
  "sphericity": 0.11640173628343509
}
