{
  "linearity": 0.028692302002667012,
  "planarity": 0.028376131448538934,
  "sphericity": 0.9429315665487941
}
