{
  "linearity": 0.3606511430238245,
  "planarity": 0.44048981259201075,
  "sphericity": 0.1988590443841647
}
