{
  "linearity": 0.6614087131648982,
  "planarity": 0.07822449390905785,
  "sphericity": 0.26036679292604387
}
