{
  "linearity": 0.14504843872134668,
  "planarity": 0.17329984544660418,
  "sphericity": 0.6816517158320491
}
