{
  "linearity": 0.7699649203138957,
  "planarity": 0.20744299505317595,
  "sphericity": 0.02259208463292827
}
