{
  "linearity": 0.31839544342402665,
  "planarity": 0.5311755019919482,
  "sphericity": 0.15042905458402517
}
