{
  "linearity": 0.3526374296079481,
  "planarity": 0.5909446964515166,
  "sphericity": 0.05641787394053536
}
