{
  "linearity": 0.5403910312913485,
  "planarity": 0.36009059227385287,
  "sphericity": 0.0995183764347986
}
