{
  "linearity": 0.05210104496718721,
  "planarity": 0.5578556694027597,
  "sphericity": 0.39004328563005314
}
