{
  "linearity": 0.20866452301086297,
  "planarity": 0.7503991980916044,
  "sphericity": 0.04093627889753266
}
