{
  "linearity": 0.6092334532123042,
  "planarity": 0.04964989200247986,
  "sphericity": 0.341116654785216
}
