{
  "linearity": 0.1100900375096967,
  "planarity": 0.5125219878623728,
  "sphericity": 0.3773879746279305
}
