{
  "linearity": 0.28929733129443713,
  "planarity": 0.6712159939107748,
  "sphericity": 0.039486674794788054
}
