{
  "linearity": 0.3260122059349233,
  "planarity": 0.19774440413660244,
  "sphericity": 0.47624338992847426
}
