{
  "linearity": 0.18938478740001102,
  "planarity": 0.6041047292680081,
  "sphericity": 0.2065104833319809
}
