{
  "linearity": 0.3400046568658883,
  "planarity": 0.5527278522649975,
  "sphericity": 0.10726749086911411
}
