{
  "linearity": 0.050313962079272107,
  "planarity": 0.9191007563721753,
  "sphericity": 0.030585281548552605
}
