{
  "linearity": 0.15131352930435296,
  "planarity": 0.18277480956288847,
  "sphericity": 0.6659116611327586
}
