{
  "linearity": 0.06806780161526979,
  "planarity": 0.19735608736960947,
  "sphericity": 0.7345761110151208
}
