{
  "linearity": 0.3195558174397535,
  "planarity": 0.5110683974494451,
  "sphericity": 0.16937578511080148
}
