{
  "linearity": 0.06745858367484875,
  "planarity": 0.8310956130628739,
  "sphericity": 0.10144580326227734
}
