{
  "linearity": 0.40544370361065496,
  "planarity": 0.3577544966280223,
  "sphericity": 0.23680179976132276
}
