{
  "linearity": 0.6333906713429414,
  "planarity": 0.04200070268925364,
  "sphericity": 0.324608625967805
}
