{
  "linearity": 0.8675042616985192,
  "planarity": 0.01023063782491416,
  "sphericity": 0.12226510047656661
}
