{
  "linearity": 0.5307067616181842,
  "planarity": 0.45076951150566763,
  "sphericity": 0.018523726876148238
}
