{
  "linearity": 0.5572809153158164,
  "planarity": 0.3637358864343423,
  "sphericity": 0.07898319824984135
}
