{
  "linearity": 0.01752718971279052,
  "planarity": 0.23768000710232962,
  "sphericity": 0.7447928031848798
}
