{
  "linearity": 0.0733192344178825,
  "planarity": 0.0063061964225935825,
  "sphericity": 0.9203745691595239
}
