{
  "linearity": 0.05639415787236752,
  "planarity": 0.17142430920874166,
  "sphericity": 0.7721815329188908
}
