{
  "linearity": 0.1468755151289766,
  "planarity": 0.4149235745741507,
  "sphericity": 0.4382009102968727
}
