{
  "linearity": 0.6287961568038852,
  "planarity": 0.2616389251339389,
  "sphericity": 0.10956491806217589
}
