{
  "linearity": 0.36686881791694964,
  "planarity": 0.5629925544998509,
  "sphericity": 0.0701386275831995
}
