{
  "linearity": 0.8026897814378448,
  "planarity": 0.012731822322732102,
  "sphericity": 0.18457839623942313
}
