{
  "linearity": 0.5843281196040463,
  "planarity": 0.18541173988390217,
  "sphericity": 0.2302601405120515
}
