{
  "linearity": 0.3279737949449517,
  "planarity": 0.6274779090081489,
  "sphericity": 0.044548296046899416
}
