{
  "linearity": 0.5774389882825255,
  "planarity": 0.39829861430630914,
  "sphericity": 0.024262397411165273
}
