{
  "linearity": 0.2711271749126869,
  "planarity": 0.11812360590858913,
  "sphericity": 0.610749219178724
}
