{
  "linearity": 0.03520128081641287,
  "planarity": 0.0067364727674357056,
  "sphericity": 0.9580622464161515
}
