{
  "linearity": 0.3453218968972888,
  "planarity": 0.14748427953254492,
  "sphericity": 0.5071938235701663
}
