{
  "linearity": 0.5561379982091904,
  "planarity": 0.10005050551716087,
  "sphericity": 0.3438114962736487
}
