{
  "linearity": 0.25694838544353077,
  "planarity": 0.05970186010207575,
  "sphericity": 0.6833497544543935
}
