{
  "linearity": 0.3779065859256457,
  "planarity": 0.535039237186361,
  "sphericity": 0.0870541768879933
}
