{
  "linearity": 0.5095101375548385,
  "planarity": 0.3614941064325728,
  "sphericity": 0.12899575601258867
}
