{
  "linearity": 0.24314497959263565,
  "planarity": 0.5442389132578598,
  "sphericity": 0.21261610714950455
}
