{
  "linearity": 0.6860640000549028,
  "planarity": 0.2998917336327778,
  "sphericity": 0.014044266312319465
}
