{
  "linearity": 0.22059193586072864,
  "planarity": 0.48920475593541624,
  "sphericity": 0.2902033082038551
}
