{
  "linearity": 0.19349710282978427,
  "planarity": 0.30187565854685544,
  "sphericity": 0.5046272386233603
}
