{
  "linearity": 0.22776827416928308,
  "planarity": 0.7068532141688671,
  "sphericity": 0.06537851166184977
}
