{
  "linearity": 0.4147854479345867,
  "planarity": 0.11582094520567622,
  "sphericity": 0.4693936068597371
}
