{
  "linearity": 0.5367351716818136,
  "planarity": 0.04929598538720414,
  "sphericity": 0.41396884293098224
}
