{
  "linearity": 0.2822466460042015,
  "planarity": 0.17515243726967472,
  "sphericity": 0.5426009167261238
}
