{
  "linearity": 0.21010620219571857,
  "planarity": 0.18354007109221834,
  "sphericity": 0.6063537267120631
}
