{
  "linearity": 0.6649343203664747,
  "planarity": 0.31694454973186975,
  "sphericity": 0.018121129901655535
}
