{
  "linearity": 0.9064216709577316,
  "planarity": 0.0473801836004469,
  "sphericity": 0.046198145441821416
}
