{
  "linearity": 0.19583812281892612,
  "planarity": 0.001855629453860736,
  "sphericity": 0.8023062477272132
}
