{
  "linearity": 0.21670610945637894,
  "planarity": 0.7364140592453339,
  "sphericity": 0.04687983129828713
}
