{
  "linearity": 0.6183601766722788,
  "planarity": 0.31931145571961084,
  "sphericity": 0.0623283676081103
}
