{
  "linearity": 0.029543756094197474,
  "planarity": 0.6379493079211023,
  "sphericity": 0.3325069359847002
}
