{
  "linearity": 0.22084993688319662,
  "planarity": 0.044650480631378865,
  "sphericity": 0.7344995824854245
}
