{
  "linearity": 0.4735546787582628,
  "planarity": 0.3346147035581132,
  "sphericity": 0.191830617683624
}
