{
  "linearity": 0.3947282748734393,
  "planarity": 0.5082058066558012,
  "sphericity": 0.09706591847075949
}
