{
  "linearity": 0.3707785840736385,
  "planarity": 0.053175387335062704,
  "sphericity": 0.5760460285912988
}
