{
  "linearity": 0.9122342825306017,
  "planarity": 0.011368325702961214,
  "sphericity": 0.07639739176643712
}
