{
  "linearity": 0.0490517915673231,
  "planarity": 0.8917691286580544,
  "sphericity": 0.0591790797746225
}
