{
  "linearity": 0.4704861897145224,
  "planarity": 0.2840561417407022,
  "sphericity": 0.2454576685447754
}
