{
  "linearity": 0.7252852486704108,
  "planarity": 0.12064913994259271,
  "sphericity": 0.15406561138699656
}
