{
  "linearity": 0.6454825523229873,
  "planarity": 0.12579612982619887,
  "sphericity": 0.2287213178508138
}
