{
  "linearity": 0.38294839495586686,
  "planarity": 0.2300351899303415,
  "sphericity": 0.3870164151137916
}
