{
  "linearity": 0.4892214691178033,
  "planarity": 0.4480914839658667,
  "sphericity": 0.06268704691632997
}
