{
  "linearity": 0.32726576456831175,
  "planarity": 0.6527151467471287,
  "sphericity": 0.020019088684559594
}
