{
  "linearity": 0.38397641086637313,
  "planarity": 0.515795165369565,
  "sphericity": 0.1002284237640619
}
