{
  "linearity": 0.39024360913502165,
  "planarity": 0.11006826041060759,
  "sphericity": 0.49968813045437077
}
