{
  "linearity": 0.8201581777986324,
  "planarity": 0.10854945733655949,
  "sphericity": 0.0712923648648081
}
