{
  "linearity": 0.8552372429566434,
  "planarity": 0.049984340548729814,
  "sphericity": 0.09477841649462676
}
