{
  "linearity": 0.16295948655425627,
  "planarity": 0.6168291241755276,
  "sphericity": 0.2202113892702161
}
