{
  "linearity": 0.27357229973735675,
  "planarity": 0.022808043217036732,
  "sphericity": 0.7036196570456066
}
