{
  "linearity": 0.24635042540388785,
  "planarity": 0.15155740127651088,
  "sphericity": 0.6020921733196013
}
