{
  "linearity": 0.724381311686893,
  "planarity": 0.06756251518868546,
  "sphericity": 0.20805617312442157
}
