{
  "linearity": 0.4232731610724795,
  "planarity": 0.5583602372628897,
  "sphericity": 0.018366601664630843
}
