{
  "linearity": 0.580650784558691,
  "planarity": 0.03923562600457898,
  "sphericity": 0.3801135894367299
}
