{
  "linearity": 0.09891363740993961,
  "planarity": 0.7586548112346518,
  "sphericity": 0.14243155135540858
}
