{
  "linearity": 0.3336474296782573,
  "planarity": 0.012504977747481709,
  "sphericity": 0.653847592574261
}
