{
  "linearity": 0.8791285761716562,
  "planarity": 0.057958484262099014,
  "sphericity": 0.06291293956624486
}
