{
  "linearity": 0.05299497080926306,
  "planarity": 0.9046398819538473,
  "sphericity": 0.04236514723688972
}
