{
  "linearity": 0.16969637150175831,
  "planarity": 0.7849775347070349,
  "sphericity": 0.045326093791206855
}
