{
  "linearity": 0.9321174544067209,
  "planarity": 0.0076768506362258505,
  "sphericity": 0.06020569495705325
}
