{
  "linearity": 0.33194547391692325,
  "planarity": 0.6219430113322102,
  "sphericity": 0.04611151475086657
}
