{
  "linearity": 0.6286435746186761,
  "planarity": 0.006473702366182808,
  "sphericity": 0.36488272301514096
}
