{
  "linearity": 0.5814979864225794,
  "planarity": 0.03299418104155129,
  "sphericity": 0.3855078325358693
}
