{
  "linearity": 0.2921248538429847,
  "planarity": 0.2859377208172917,
  "sphericity": 0.4219374253397236
}
