{
  "linearity": 0.5556902777524425,
  "planarity": 0.27725204576978424,
  "sphericity": 0.1670576764777733
}
