{
  "linearity": 0.47538222098935623,
  "planarity": 0.14845900967561934,
  "sphericity": 0.37615876933502446
}
