{
  "linearity": 0.009477814194189912,
  "planarity": 0.5354344171989152,
  "sphericity": 0.455087768606895
}
