{
  "linearity": 0.6582210602715316,
  "planarity": 0.03828634351567917,
  "sphericity": 0.3034925962127892
}
