{
  "linearity": 0.42276548351437426,
  "planarity": 0.18945785083984415,
  "sphericity": 0.3877766656457816
}
