{
  "linearity": 0.39001881663280075,
  "planarity": 0.47585263118362514,
  "sphericity": 0.1341285521835741
}
