{
  "linearity": 0.4909138866312496,
  "planarity": 0.26713615600427343,
  "sphericity": 0.241949957364477
}
