{
  "linearity": 0.20402221995606326,
  "planarity": 0.26006711691647577,
  "sphericity": 0.5359106631274609
}
