{
  "linearity": 0.3293438011673402,
  "planarity": 0.5114649079731993,
  "sphericity": 0.15919129085946052
}
