{
  "linearity": 0.8559517570111308,
  "planarity": 0.021797814432445287,
  "sphericity": 0.12225042855642392
}
