{
  "linearity": 0.9331141503392217,
  "planarity": 0.009052374848181765,
  "sphericity": 0.057833474812596375
}
