{
  "linearity": 0.10931212905841221,
  "planarity": 0.27896006937862944,
  "sphericity": 0.6117278015629584
}
