{
  "linearity": 0.1358821616268972,
  "planarity": 0.1086338094567788,
  "sphericity": 0.755484028916324
}
