{
  "linearity": 0.10994014114623203,
  "planarity": 0.7870835151921253,
  "sphericity": 0.10297634366164267
}
