{
  "linearity": 0.891296550578776,
  "planarity": 0.05334754187173615,
  "sphericity": 0.05535590754948788
}
