{
  "linearity": 0.02402609226751685,
  "planarity": 0.892610623064066,
  "sphericity": 0.0833632846684171
}
