{
  "linearity": 0.29080046930892633,
  "planarity": 0.06301035916231185,
  "sphericity": 0.6461891715287619
}
