{
  "linearity": 0.8820877369692673,
  "planarity": 0.10316843326730048,
  "sphericity": 0.014743829763432172
}
