{
  "linearity": 0.2590505489651443,
  "planarity": 0.584081454537108,
  "sphericity": 0.15686799649774769
}
