{
  "linearity": 0.21714425744800434,
  "planarity": 0.6756874332735398,
  "sphericity": 0.10716830927845591
}
