{
  "linearity": 0.3145290556369029,
  "planarity": 0.06718913351551191,
  "sphericity": 0.6182818108475852
}
