{
  "linearity": 0.3942472916096511,
  "planarity": 0.5121133152333703,
  "sphericity": 0.0936393931569786
}
