{
  "linearity": 0.18318573756386303,
  "planarity": 0.7393998884163944,
  "sphericity": 0.07741437401974254
}
