{
  "linearity": 0.3804852160174111,
  "planarity": 0.4590300470570075,
  "sphericity": 0.16048473692558146
}
