{
  "linearity": 0.149255453385701,
  "planarity": 0.736384404354683,
  "sphericity": 0.11436014225961602
}
