{
  "linearity": 0.04714028812201005,
  "planarity": 3.7943319459274043e-10,
  "sphericity": 0.9528597114985567
}
