{
  "linearity": 0.11854084616017627,
  "planarity": 0.23560958111246594,
  "sphericity": 0.6458495727273578
}
