{
  "linearity": 0.20980559240192903,
  "planarity": 0.4292410649776564,
  "sphericity": 0.36095334262041456
}
