{
  "linearity": 0.4821994495196592,
  "planarity": 0.18958972081296388,
  "sphericity": 0.3282108296673769
}
