{
  "linearity": 0.4889380686950448,
  "planarity": 0.23519620198951283,
  "sphericity": 0.2758657293154424
}
