{
  "linearity": 0.020531185672032538,
  "planarity": 0.19428978861376572,
  "sphericity": 0.7851790257142017
}
