{
  "linearity": 0.4811758258658515,
  "planarity": 0.0011304169510235832,
  "sphericity": 0.5176937571831249
}
