{
  "linearity": 0.22114672390544085,
  "planarity": 0.37849871600818064,
  "sphericity": 0.4003545600863785
}
