{
  "linearity": 0.0909780770963731,
  "planarity": 0.2803539195471709,
  "sphericity": 0.628668003356456
}
