{
  "linearity": 0.33919610143500184,
  "planarity": 0.6259871973714173,
  "sphericity": 0.0348167011935809
}
