{
  "linearity": 0.6749172834074226,
  "planarity": 0.29497621469618107,
  "sphericity": 0.030106501896396375
}
