{
  "linearity": 0.6856571773354654,
  "planarity": 0.2177171289679079,
  "sphericity": 0.09662569369662673
}
