{
  "linearity": 0.8398627372002441,
  "planarity": 0.009866656014327664,
  "sphericity": 0.15027060678542833
}
