{
  "linearity": 0.3113839770707381,
  "planarity": 0.39955507793286005,
  "sphericity": 0.28906094499640184
}
