{
  "linearity": 0.3358885220244253,
  "planarity": 0.019575200731558228,
  "sphericity": 0.6445362772440164
}
