{
  "linearity": 0.39266013183255133,
  "planarity": 0.5708064344343347,
  "sphericity": 0.03653343373311404
}
