{
  "linearity": 0.0900111242055113,
  "planarity": 0.00654536556432751,
  "sphericity": 0.9034435102301612
}
