{
  "linearity": 0.43241889410326184,
  "planarity": 0.5562573158410826,
  "sphericity": 0.01132379005565556
}
