{
  "linearity": 0.1392961005640635,
  "planarity": 0.7047094623446798,
  "sphericity": 0.15599443709125668
}
