{
  "linearity": 0.8722604539948794,
  "planarity": 0.0967049070885419,
  "sphericity": 0.03103463891657881
}
