{
  "linearity": 0.6317226184132493,
  "planarity": 0.30880752869655387,
  "sphericity": 0.05946985289019686
}
