{
  "linearity": 0.3099098664564521,
  "planarity": 0.6642011862299535,
  "sphericity": 0.025888947313594465
}
