{
  "linearity": 0.6491610175937069,
  "planarity": 0.32641237813381035,
  "sphericity": 0.024426604272482708
}
