{
  "linearity": 0.17323206538490185,
  "planarity": 0.1303669404040007,
  "sphericity": 0.6964009942110975
}
