{
  "linearity": 0.8035688046510108,
  "planarity": 0.06930310068399013,
  "sphericity": 0.12712809466499908
}
