{
  "linearity": 0.17118871480671774,
  "planarity": 0.043470207235209224,
  "sphericity": 0.7853410779580731
}
