{
  "linearity": 0.48720922056533855,
  "planarity": 0.03199811862874162,
  "sphericity": 0.4807926608059198
}
