{
  "linearity": 0.0022527018544532622,
  "planarity": 0.21366058985256212,
  "sphericity": 0.7840867082929847
}
