{
  "linearity": 0.8468732952546313,
  "planarity": 0.06925924066277875,
  "sphericity": 0.0838674640825899
}
