{
  "linearity": 0.17157522721446888,
  "planarity": 0.7864974869887584,
  "sphericity": 0.04192728579677271
}
