{
  "linearity": 0.07716511432499663,
  "planarity": 0.4713977160299898,
  "sphericity": 0.45143716964501357
}
