{
  "linearity": 0.4955423404154782,
  "planarity": 0.4581433032191967,
  "sphericity": 0.0463143563653251
}
