{
  "linearity": 0.3843146028475663,
  "planarity": 0.10746880448668318,
  "sphericity": 0.5082165926657505
}
