{
  "linearity": 0.1786164907836286,
  "planarity": 0.06741648429566345,
  "sphericity": 0.753967024920708
}
