{
  "linearity": 0.30368905622729847,
  "planarity": 0.031516835851745514,
  "sphericity": 0.664794107920956
}
