{
  "linearity": 0.008272325682981673,
  "planarity": 0.015227038663581606,
  "sphericity": 0.9765006356534367
}
