{
  "linearity": 0.795350338743475,
  "planarity": 0.0995800430883005,
  "sphericity": 0.10506961816822445
}
