{
  "linearity": 0.2804638687318157,
  "planarity": 0.658450332727949,
  "sphericity": 0.06108579854023533
}
