{
  "linearity": 0.14815171750984213,
  "planarity": 0.7738090999441083,
  "sphericity": 0.0780391825460496
}
