{
  "linearity": 0.7780233077705032,
  "planarity": 0.016166343614321406,
  "sphericity": 0.20581034861517536
}
