{
  "linearity": 0.9390988488953149,
  "planarity": 0.002766003080141357,
  "sphericity": 0.058135148024543754
}
