{
  "linearity": 0.10871696466818474,
  "planarity": 0.7442328798798241,
  "sphericity": 0.14705015545199113
}
