{
  "linearity": 0.018922983105591065,
  "planarity": 0.9311322836352837,
  "sphericity": 0.0499447332591252
}
