{
  "linearity": 0.44341440470946714,
  "planarity": 0.012886790467085279,
  "sphericity": 0.5436988048234476
}
