{
  "linearity": 0.34517459979581455,
  "planarity": 0.4858991525064263,
  "sphericity": 0.1689262476977592
}
