{
  "linearity": 0.7980755155600412,
  "planarity": 0.05271258459468129,
  "sphericity": 0.1492118998452775
}
