{
  "linearity": 0.2138347651672318,
  "planarity": 0.7309598793538125,
  "sphericity": 0.05520535547895571
}
