{
  "linearity": 0.484271326717282,
  "planarity": 0.46116309993742494,
  "sphericity": 0.05456557334529304
}
