{
  "linearity": 0.7231605461028703,
  "planarity": 0.039719522829614405,
  "sphericity": 0.23711993106751533
}
