{
  "linearity": 0.029697460902249985,
  "planarity": 0.010335122556168173,
  "sphericity": 0.9599674165415818
}
