{
  "linearity": 0.4561819938493103,
  "planarity": 0.49215935897447893,
  "sphericity": 0.051658647176210784
}
