{
  "linearity": 0.059425737861925725,
  "planarity": 0.083769227867106,
  "sphericity": 0.8568050342709683
}
