{
  "linearity": 0.18684176724624704,
  "planarity": 0.5471825464584611,
  "sphericity": 0.26597568629529184
}
