{
  "linearity": 0.21760706291747275,
  "planarity": 0.5064682868893625,
  "sphericity": 0.2759246501931648
}
