{
  "linearity": 0.5162872667001217,
  "planarity": 0.37872207036482514,
  "sphericity": 0.10499066293505323
}
