{
  "linearity": 0.19203760130463401,
  "planarity": 0.6814329495750534,
  "sphericity": 0.12652944912031253
}
