{
  "linearity": 0.044176538590893516,
  "planarity": 0.864900237243544,
  "sphericity": 0.09092322416556232
}
