{
  "linearity": 0.06578340904603154,
  "planarity": 0.12527928116875686,
  "sphericity": 0.8089373097852116
}
