{
  "linearity": 0.7792385130987879,
  "planarity": 0.031803322912383525,
  "sphericity": 0.1889581639888286
}
