{
  "linearity": 0.05360792109775619,
  "planarity": 0.9189734732413388,
  "sphericity": 0.027418605660904892
}
