{
  "linearity": 0.6434287296021103,
  "planarity": 0.01866251963725879,
  "sphericity": 0.337908750760631
}
