{
  "linearity": 0.15105026991629072,
  "planarity": 0.10248761468722925,
  "sphericity": 0.74646211539648
}
