{
  "linearity": 0.05480475221882018,
  "planarity": 0.42816769774711116,
  "sphericity": 0.5170275500340686
}
