{
  "linearity": 0.7097447644403291,
  "planarity": 0.07034250481361774,
  "sphericity": 0.21991273074605316
}
