{
  "linearity": 0.15926152147099654,
  "planarity": 0.7879468100441865,
  "sphericity": 0.052791668484816937
}
