{
  "linearity": 0.8223579269509019,
  "planarity": 0.03532790661501903,
  "sphericity": 0.14231416643407907
}
