{
  "linearity": 0.8721245892895131,
  "planarity": 0.07072057554151816,
  "sphericity": 0.057154835168968784
}
