{
  "linearity": 0.6587625214421501,
  "planarity": 0.08252494826575257,
  "sphericity": 0.2587125302920973
}
