{
  "linearity": 0.06451072475701386,
  "planarity": 0.8549696263530734,
  "sphericity": 0.08051964888991268
}
