{
  "linearity": 0.6456704587014223,
  "planarity": 0.03970889663182292,
  "sphericity": 0.3146206446667548
}
