{
  "linearity": 0.14897536790817864,
  "planarity": 0.7930451400382126,
  "sphericity": 0.05797949205360885
}
