{
  "linearity": 0.19589410844081342,
  "planarity": 0.7751994158901346,
  "sphericity": 0.028906475669051926
}
