{
  "linearity": 0.7032799395440701,
  "planarity": 0.08909133521895898,
  "sphericity": 0.20762872523697096
}
