{
  "linearity": 0.6721811996188987,
  "planarity": 0.0760391279429677,
  "sphericity": 0.2517796724381337
}
