{
  "linearity": 0.07327395136137312,
  "planarity": 0.7322424689334706,
  "sphericity": 0.19448357970515634
}
