{
  "linearity": 0.09031643599976938,
  "planarity": 0.05889819493129168,
  "sphericity": 0.850785369068939
}
