{
  "linearity": 0.7633090619398322,
  "planarity": 0.034906290705927025,
  "sphericity": 0.2017846473542408
}
