{
  "linearity": 0.787488898654252,
  "planarity": 0.06901401926417787,
  "sphericity": 0.14349708208157005
}
