{
  "linearity": 0.8079784879516592,
  "planarity": 0.06988710539818101,
  "sphericity": 0.12213440665015987
}
