{
  "linearity": 0.2518978822595824,
  "planarity": 0.2614308369901632,
  "sphericity": 0.48667128075025445
}
