{
  "linearity": 0.3055851433289349,
  "planarity": 0.6420137975742368,
  "sphericity": 0.0524010590968283
}
