{
  "linearity": 0.8896279033397864,
  "planarity": 0.00910428497628892,
  "sphericity": 0.10126781168392468
}
