{
  "linearity": 0.06598284419125976,
  "planarity": 0.1427123906938732,
  "sphericity": 0.791304765114867
}
