{
  "linearity": 0.025098004257288545,
  "planarity": 0.7069459403183397,
  "sphericity": 0.2679560554243718
}
