{
  "linearity": 0.5874119757526478,
  "planarity": 0.037892336841431194,
  "sphericity": 0.374695687405921
}
