{
  "linearity": 0.7687642218433395,
  "planarity": 0.20862891242986023,
  "sphericity": 0.022606865726800228
}
