{
  "linearity": 0.5207163342883456,
  "planarity": 0.03429116182261688,
  "sphericity": 0.4449925038890375
}
