{
  "linearity": 0.3305966855342899,
  "planarity": 0.47366394445668963,
  "sphericity": 0.19573937000902047
}
