{
  "linearity": 0.8764929140793568,
  "planarity": 0.07141210419205937,
  "sphericity": 0.052094981728583796
}
