{
  "linearity": 0.03812317295991269,
  "planarity": 0.9103361030811922,
  "sphericity": 0.051540723958895245
}
