{
  "linearity": 0.018176571474868484,
  "planarity": 0.9074830158178891,
  "sphericity": 0.07434041270724236
}
