{
  "linearity": 0.5250820596233683,
  "planarity": 0.1794772967281874,
  "sphericity": 0.2954406436484444
}
