{
  "linearity": 0.18451576401541964,
  "planarity": 0.3910141610836452,
  "sphericity": 0.4244700749009352
}
