{
  "linearity": 0.28100787147388356,
  "planarity": 0.06572234331802208,
  "sphericity": 0.6532697852080943
}
