{
  "linearity": 0.3338813760160116,
  "planarity": 0.38731717998648935,
  "sphericity": 0.278801443997499
}
