{
  "linearity": 0.2204344729677726,
  "planarity": 0.4459839893052088,
  "sphericity": 0.3335815377270186
}
