{
  "linearity": 0.27613962825557675,
  "planarity": 0.5073557951879154,
  "sphericity": 0.21650457655650782
}
