{
  "linearity": 0.2249925990914498,
  "planarity": 0.14335107830989957,
  "sphericity": 0.6316563225986507
}
