{
  "linearity": 0.6071224226316985,
  "planarity": 0.2764122187581393,
  "sphericity": 0.11646535861016222
}
