{
  "linearity": 0.6626593992839918,
  "planarity": 0.27716445104194615,
  "sphericity": 0.06017614967406215
}
