{
  "linearity": 0.02329888446398823,
  "planarity": 0.2619415947968335,
  "sphericity": 0.7147595207391783
}
