{
  "linearity": 0.7649140621205636,
  "planarity": 0.041569887448192455,
  "sphericity": 0.19351605043124404
}
