{
  "linearity": 0.2211448203055214,
  "planarity": 0.6650347274024526,
  "sphericity": 0.11382045229202588
}
