{
  "linearity": 0.3904390448721879,
  "planarity": 0.12513416749629297,
  "sphericity": 0.4844267876315191
}
