{
  "linearity": 0.3062652481631789,
  "planarity": 0.4342213501646584,
  "sphericity": 0.2595134016721627
}
