{
  "linearity": 0.44486836335493934,
  "planarity": 0.5289058436508167,
  "sphericity": 0.026225792994243963
}
