{
  "linearity": 0.2549517333128038,
  "planarity": 0.6809641600587436,
  "sphericity": 0.06408410662845265
}
