{
  "linearity": 0.2888754422277645,
  "planarity": 0.6142943148283189,
  "sphericity": 0.09683024294391658
}
