{
  "linearity": 0.06354324318720028,
  "planarity": 0.7512408830449424,
  "sphericity": 0.1852158737678573
}
