{
  "linearity": 0.803932191171976,
  "planarity": 0.11125098336400605,
  "sphericity": 0.08481682546401789
}
