{
  "linearity": 0.4181476688196647,
  "planarity": 0.49583173606973197,
  "sphericity": 0.08602059511060331
}
