{
  "linearity": 0.2209776606398675,
  "planarity": 0.6830646255714012,
  "sphericity": 0.09595771378873118
}
