{
  "linearity": 0.33440280573150183,
  "planarity": 0.6207257452655891,
  "sphericity": 0.044871449002909104
}
