{
  "linearity": 0.29518655158635,
  "planarity": 0.13467654929835118,
  "sphericity": 0.5701368991152989
}
