{
  "linearity": 0.43253558088393235,
  "planarity": 0.4987479603692938,
  "sphericity": 0.06871645874677385
}
