{
  "linearity": 0.9050785381446473,
  "planarity": 0.0065099865666972375,
  "sphericity": 0.08841147528865541
}
