{
  "linearity": 0.4319040016844206,
  "planarity": 0.17990261032052662,
  "sphericity": 0.38819338799505276
}
