{
  "linearity": 0.8804384229420464,
  "planarity": 0.03571490610866873,
  "sphericity": 0.08384667094928493
}
