{
  "linearity": 0.0751406297833401,
  "planarity": 0.8524126950877416,
  "sphericity": 0.07244667512891825
}
