{
  "linearity": 0.12531548290044697,
  "planarity": 0.5796409320714007,
  "sphericity": 0.29504358502815226
}
