{
  "linearity": 0.385609549284596,
  "planarity": 0.5978090927251878,
  "sphericity": 0.016581357990216136
}
