{
  "linearity": 0.731018484984758,
  "planarity": 0.12633711586721078,
  "sphericity": 0.1426443991480313
}
