{
  "linearity": 0.13196864857144155,
  "planarity": 0.19978953138518457,
  "sphericity": 0.6682418200433738
}
