{
  "linearity": 0.26006517641858284,
  "planarity": 0.23247454231586143,
  "sphericity": 0.5074602812655558
}
