{
  "linearity": 0.7888839292889072,
  "planarity": 0.0911887090456482,
  "sphericity": 0.11992736166544461
}
