{
  "linearity": 0.06165817278569013,
  "planarity": 0.783088211873968,
  "sphericity": 0.15525361534034185
}
