{
  "linearity": 0.659735114154098,
  "planarity": 0.001387181946627246,
  "sphericity": 0.3388777038992748
}
