{
  "linearity": 0.4447588098548829,
  "planarity": 0.49423140907654795,
  "sphericity": 0.06100978106856915
}
