{
  "linearity": 0.17709276066925983,
  "planarity": 0.5546579370955603,
  "sphericity": 0.2682493022351799
}
