{
  "linearity": 0.731905033019119,
  "planarity": 0.22803762630669883,
  "sphericity": 0.040057340674182144
}
