{
  "linearity": 0.7670328327397664,
  "planarity": 0.2083839605562006,
  "sphericity": 0.024583206704032936
}
