{
  "linearity": 0.09053367935688869,
  "planarity": 0.22512883453764163,
  "sphericity": 0.6843374861054697
}
