{
  "linearity": 0.8893022301289857,
  "planarity": 0.024951788521736785,
  "sphericity": 0.08574598134927752
}
