{
  "linearity": 0.41175620279981695,
  "planarity": 0.23402178394828135,
  "sphericity": 0.3542220132519017
}
