{
  "linearity": 0.25785252455252455,
  "planarity": 0.05248597288602914,
  "sphericity": 0.6896615025614463
}
