{
  "linearity": 0.24940985624465492,
  "planarity": 0.7224949663922008,
  "sphericity": 0.028095177363144288
}
