{
  "linearity": 0.2445151204351606,
  "planarity": 0.6860897291650759,
  "sphericity": 0.06939515039976349
}
