{
  "linearity": 0.8428872761331679,
  "planarity": 0.1426177433710827,
  "sphericity": 0.014494980495749273
}
