{
  "linearity": 0.07468970521925967,
  "planarity": 0.0664576005317833,
  "sphericity": 0.858852694248957
}
