{
  "linearity": 0.1267347127943912,
  "planarity": 0.6891515354815871,
  "sphericity": 0.18411375172402164
}
