{
  "linearity": 0.15896017021671136,
  "planarity": 0.6762360974789094,
  "sphericity": 0.1648037323043792
}
