{
  "linearity": 0.029049559314890495,
  "planarity": 0.010721253172107842,
  "sphericity": 0.9602291875130017
}
