{
  "linearity": 0.2833752572153357,
  "planarity": 0.6810759020086092,
  "sphericity": 0.03554884077605517
}
