{
  "linearity": 0.9038361863925378,
  "planarity": 0.04748574725923828,
  "sphericity": 0.04867806634822397
}
