{
  "linearity": 0.12365831206983141,
  "planarity": 0.6907627757164856,
  "sphericity": 0.18557891221368294
}
