{
  "linearity": 0.8289354902592939,
  "planarity": 0.0009120769747978094,
  "sphericity": 0.17015243276590827
}
