{
  "linearity": 0.27552304481345125,
  "planarity": 0.012802102008999392,
  "sphericity": 0.7116748531775493
}
