{
  "linearity": 0.352953301797292,
  "planarity": 0.17193855467387972,
  "sphericity": 0.4751081435288283
}
