{
  "linearity": 0.6071953849998593,
  "planarity": 0.035940581806062216,
  "sphericity": 0.3568640331940786
}
