{
  "linearity": 0.7975927354198888,
  "planarity": 0.12271215051199394,
  "sphericity": 0.07969511406811715
}
