{
  "linearity": 0.7098284023623911,
  "planarity": 0.028806139425723642,
  "sphericity": 0.2613654582118852
}
