{
  "linearity": 0.5336753965998117,
  "planarity": 0.4448171912428918,
  "sphericity": 0.02150741215729648
}
