{
  "linearity": 0.45535632408680526,
  "planarity": 0.42862315459801265,
  "sphericity": 0.11602052131518209
}
