{
  "linearity": 0.7495923274009892,
  "planarity": 0.20969335832926786,
  "sphericity": 0.04071431426974295
}
