{
  "linearity": 0.10181672923087956,
  "planarity": 0.721257024946736,
  "sphericity": 0.17692624582238442
}
