{
  "linearity": 0.334130098677059,
  "planarity": 0.4297965439262971,
  "sphericity": 0.2360733573966439
}
