{
  "linearity": 0.49991695489460275,
  "planarity": 0.0986341184737482,
  "sphericity": 0.40144892663164905
}
