{
  "linearity": 0.8095379843761316,
  "planarity": 0.06994143233350059,
  "sphericity": 0.12052058329036795
}
