{
  "linearity": 0.10528216049076095,
  "planarity": 0.7777398674436566,
  "sphericity": 0.11697797206558243
}
