{
  "linearity": 0.04008821665749664,
  "planarity": 0.7399464255981908,
  "sphericity": 0.2199653577443125
}
