{
  "linearity": 0.456073771712561,
  "planarity": 0.21566447324955507,
  "sphericity": 0.32826175503788385
}
