{
  "linearity": 0.682685491055679,
  "planarity": 0.018496291682143017,
  "sphericity": 0.29881821726217794
}
