{
  "linearity": 0.5821241612609014,
  "planarity": 0.3782527653044964,
  "sphericity": 0.039623073434602224
}
