{
  "linearity": 0.7631845094728932,
  "planarity": 0.010508337373575087,
  "sphericity": 0.22630715315353178
}
