{
  "linearity": 0.010924974384164256,
  "planarity": 0.9635215842566723,
  "sphericity": 0.02555344135916336
}
