{
  "linearity": 0.27593126932812373,
  "planarity": 0.5988065374648679,
  "sphericity": 0.1252621932070084
}
