{
  "linearity": 0.14685312840204628,
  "planarity": 0.250098244391508,
  "sphericity": 0.6030486272064457
}
