{
  "linearity": 0.5890258846817598,
  "planarity": 0.35748457532315503,
  "sphericity": 0.05348953999508515
}
