{
  "linearity": 0.7660884266594082,
  "planarity": 0.1939663106720991,
  "sphericity": 0.039945262668492715
}
