{
  "linearity": 0.7140584993674658,
  "planarity": 0.2674147076258972,
  "sphericity": 0.018526793006636923
}
