{
  "linearity": 0.7312639856763697,
  "planarity": 0.07932265719937197,
  "sphericity": 0.18941335712425827
}
