{
  "linearity": 0.1617114320236242,
  "planarity": 0.3036321816157574,
  "sphericity": 0.5346563863606184
}
