{
  "linearity": 0.488670268067764,
  "planarity": 0.007364507351014845,
  "sphericity": 0.5039652245812212
}
