{
  "linearity": 0.24985861477303556,
  "planarity": 0.5755134422023699,
  "sphericity": 0.1746279430245946
}
