{
  "linearity": 0.5289123120911926,
  "planarity": 0.3962783578153951,
  "sphericity": 0.07480933009341237
}
