{
  "linearity": 0.3876347006500603,
  "planarity": 0.49451714717073186,
  "sphericity": 0.11784815217920783
}
