{
  "linearity": 0.6740170315095466,
  "planarity": 0.2648439553816092,
  "sphericity": 0.06113901310884414
}
