{
  "linearity": 0.6933203674221313,
  "planarity": 0.017641357117038438,
  "sphericity": 0.28903827546083033
}
