{
  "linearity": 0.14306831403577971,
  "planarity": 0.13896540844231878,
  "sphericity": 0.7179662775219015
}
