{
  "linearity": 0.627490416264644,
  "planarity": 0.3536371630909183,
  "sphericity": 0.018872420644437688
}
