{
  "linearity": 0.01271838335384347,
  "planarity": 0.07051966979021818,
  "sphericity": 0.9167619468559384
}
