{
  "linearity": 0.889120966252255,
  "planarity": 0.07952331853076319,
  "sphericity": 0.031355715216981814
}
