{
  "linearity": 0.7638408441339699,
  "planarity": 0.21001173543449372,
  "sphericity": 0.026147420431536315
}
