{
  "linearity": 0.12125166763090398,
  "planarity": 0.8168203792342289,
  "sphericity": 0.06192795313486715
}
