{
  "linearity": 0.5942959423305971,
  "planarity": 0.1757236663975933,
  "sphericity": 0.2299803912718096
}
