{
  "linearity": 0.7037901133560576,
  "planarity": 0.13770005138794195,
  "sphericity": 0.1585098352560005
}
