{
  "linearity": 0.7834253414433512,
  "planarity": 0.15770496308768478,
  "sphericity": 0.05886969546896404
}
