{
  "linearity": 0.029843930713361336,
  "planarity": 0.20415589706050388,
  "sphericity": 0.7660001722261348
}
