{
  "linearity": 0.7199442450152912,
  "planarity": 0.1818528483660172,
  "sphericity": 0.09820290661869163
}
