{
  "linearity": 0.2858791082404418,
  "planarity": 0.16573789672283096,
  "sphericity": 0.5483829950367273
}
