{
  "linearity": 0.8613760284161007,
  "planarity": 0.06683755690232653,
  "sphericity": 0.07178641468157271
}
