{
  "linearity": 0.03199063184096535,
  "planarity": 0.07558685035983057,
  "sphericity": 0.8924225177992041
}
