{
  "linearity": 0.20139470997989445,
  "planarity": 0.09629820976726043,
  "sphericity": 0.7023070802528452
}
