{
  "linearity": 0.8230144691800801,
  "planarity": 0.08483005908822551,
  "sphericity": 0.09215547173169442
}
