{
  "linearity": 0.08445471608780725,
  "planarity": 0.8787557897188751,
  "sphericity": 0.03678949419331761
}
