{
  "linearity": 0.8412066006895745,
  "planarity": 0.0036322009236050027,
  "sphericity": 0.15516119838682052
}
