{
  "linearity": 0.38010419786454713,
  "planarity": 0.14885256652249657,
  "sphericity": 0.47104323561295625
}
