{
  "linearity": 0.7502997497531911,
  "planarity": 0.12556539781860415,
  "sphericity": 0.12413485242820467
}
