{
  "linearity": 0.4878829954805468,
  "planarity": 0.2748061914676039,
  "sphericity": 0.23731081305184928
}
