{
  "linearity": 0.3686470522323947,
  "planarity": 0.1135027657543248,
  "sphericity": 0.5178501820132805
}
