{
  "linearity": 0.38030171141741187,
  "planarity": 0.5633958374896201,
  "sphericity": 0.05630245109296804
}
