{
  "linearity": 0.1397899046056305,
  "planarity": 0.1278406606069786,
  "sphericity": 0.7323694347873909
}
