{
  "linearity": 0.46381574805825504,
  "planarity": 0.29645365221733777,
  "sphericity": 0.23973059972440716
}
