{
  "linearity": 0.06061754563412169,
  "planarity": 0.5772150220243477,
  "sphericity": 0.3621674323415306
}
