{
  "linearity": 0.4360855659295427,
  "planarity": 0.5310848660946915,
  "sphericity": 0.03282956797576575
}
