{
  "linearity": 0.7015317842916119,
  "planarity": 0.2525326241648917,
  "sphericity": 0.04593559154349644
}
