{
  "linearity": 0.807109596126751,
  "planarity": 0.15727427602194935,
  "sphericity": 0.03561612785129961
}
