{
  "linearity": 0.15417298861227433,
  "planarity": 0.5583223787609483,
  "sphericity": 0.28750463262677733
}
