{
  "linearity": 0.22264168335232606,
  "planarity": 0.6386294989830665,
  "sphericity": 0.13872881766460743
}
