{
  "linearity": 0.10818623015941001,
  "planarity": 0.7835616747056899,
  "sphericity": 0.10825209513490003
}
