{
  "linearity": 0.4491879900902865,
  "planarity": 0.20268942519056315,
  "sphericity": 0.34812258471915036
}
