{
  "linearity": 0.08967239474098564,
  "planarity": 0.40077332528529924,
  "sphericity": 0.5095542799737152
}
