{
  "linearity": 0.8680949088194303,
  "planarity": 0.017172890874261503,
  "sphericity": 0.1147322003063082
}
