{
  "linearity": 0.9149924955649908,
  "planarity": 0.0045492123731193474,
  "sphericity": 0.08045829206188984
}
