{
  "linearity": 0.44396390080661685,
  "planarity": 0.25394136298963926,
  "sphericity": 0.30209473620374394
}
