{
  "linearity": 0.6253953217108118,
  "planarity": 0.2522873371288792,
  "sphericity": 0.12231734116030907
}
